Food,Food_group,DQQ_food_group,USDA_FDC_ID,Energy_kcal,Carbohydrates,Fiber,Monounsaturated_FAs_g,Polyunsaturated_FAs_g,Unsaturated_FAs_g,Saturated_FAs_g,VitA_RAE_mcg,VitC_mg,VitD_mcg,VitE_mg,Thiamin_mg,Riboflavin_mg,Niacin_mg,VitB6_mg,Folate_DFE_mcg,VitB12_mcg,Choline_mg,Iron_mg,Zinc_mg,Calcium_mg,Potassium_mg,Magnesium_mg,Sodium,DHA_g,EPA_g,DPA_g,ALA_g,His_g,Ile_g,Leu_g,Lys_g,Met_g_SAA,Cys_g_SAA,Phe_g_AAA,Trp_g_AAA,Tyr_g_AAA,Thr_g,Val_g,EAA_quantity,DIAAS,Phytate_mg,Iron_Abs,Zinc_Abs,DQQ_question,Comments,Food_long,Country,Liquids,Dried_Foods
Cantaloupe,Fruits,Vitamin A-rich fruits,169092,34,8.16,0.9,0,0.08,0.08,0.05,169,36.7,0,0.05,0.04,0.02,0.73,0.07,21,0,7.6,0.21,0.18,9,267,12,16,0,0,0,0.11,0.02,0.02,0.03,0.03,0.01,0,0.02,0,0.01,0.02,0.03,0.2,0.7,20,0.1,0.44,Q8,,"Melons, cantaloupe, raw",Indonesia,0,0
Mango,Fruits,Vitamin A-rich fruits,169910,60,14.98,1.6,0.14,0.07,0.21,0.09,54,36.4,0,0.9,0.03,0.04,0.67,0.12,43,0,7.6,0.16,0.09,11,168,10,1,0,0,0,0.11,0.02,0.03,0.05,0.07,0.01,0,0.03,0.01,0.02,0.03,0.04,0.3,0.7,25,0.1,0.44,Q8,,"Mangos, raw",Indonesia,0,0
Papaya,Fruits,Vitamin A-rich fruits,169926,43,10.82,1.7,0.07,0.06,0.13,0.08,47,60.9,0,0.3,0.02,0.03,0.36,0.04,37,0,6.1,0.25,0.08,20,182,21,8,0,0,0,0.11,0.01,0.01,0.02,0.03,0,0,0.01,0.01,0.01,0.01,0.01,0.1,0.7,22.8,0.1,0.44,Q8,,"Papayas, raw",Indonesia,0,0
Tangerine,Fruits,Citrus,169105,53,13.3,1.8,0.06,0.07,0.13,0.04,34,26.7,0,0.2,0.06,0.04,0.38,0.08,16,0,10.2,0.15,0.07,37,166,12,2,0,0,0,0.11,0.01,0.02,0.03,0.03,0,0,0.02,0,0.02,0.02,0.02,0.16,0.7,10,0.1,0.44,Q9,"Phytate value for mandarin missing, used orange as a proxy","Tangerines, (mandarin oranges), raw",Indonesia,0,0
Orange,Fruits,Citrus,169097,47,11.8,2.4,0.02,0.03,0.05,0.02,11,53.2,0,0.18,0.09,0.04,0.28,0.06,30,0,8.4,0.1,0.07,40,181,10,0,0,0,0,0.11,0.02,0.03,0.02,0.05,0.02,0.01,0.03,0.01,0.02,0.02,0.04,0.25,0.7,10,0.1,0.44,Q9,,"Oranges, raw, all commercial varieties",Indonesia,0,0
Grapefruit,Fruits,Citrus,173033,32,8.08,1.1,0.01,0.02,0.04,0.01,46,34.4,0,0.13,0.04,0.02,0.25,0.04,10,0,7.7,0.09,0.07,12,139,8,0,0,0,0,0.11,0.01,0.01,0.01,0.02,0.01,0.01,0.04,0.01,0.01,0.01,0.01,0.13,0.7,20.36,0.1,0.44,Q9,Phytate value for grapefruit missing; used phytate value for pomelo as a proxy,"Grapefruit, raw, pink and red and white, all areas",Indonesia,0,0
Banana,Fruits,Other fruits,173944,89,22.8,2.6,0.03,0.07,0.11,0.11,3,8.7,0,0.1,0.03,0.07,0.67,0.37,20,0,9.8,0.26,0.15,5,358,27,1,0,0,0,0.05,0.08,0.03,0.07,0.05,0.01,0.01,0.05,0.01,0.01,0.03,0.05,0.38,0.7,22,0.1,0.44,Q10.1,,"Bananas, raw",Indonesia,0,0
Guava,Fruits,Other fruits,173044,68,14.3,5.4,0.09,0.4,0.49,0.27,31,228.3,0,0.73,0.07,0.04,1.08,0.11,49,0,7.6,0.26,0.23,18,417,22,2,0,0,0,0.05,0.02,0.09,0.17,0.07,0.02,0.01,0.01,0.02,0.03,0.1,0.09,0.63,0.7,50.63,0.1,0.44,Q10.1,For phytate: used an average of pink and white flesh guava,"Guavas, common, raw",Indonesia,0,0
Watermelon,Fruits,Other fruits,167765,127,7.55,0.4,0.04,0.05,0.09,0.02,28,8.1,0,0.05,0.03,0.02,0.18,0.05,3,0,4.1,0.24,0.1,7,112,10,1,0,0,0,0.05,0.01,0.02,0.02,0.06,0.01,0,0.02,0.01,0.01,0.03,0.02,0.19,0.7,3.9,0.1,0.44,Q10.1,,"Watermelon, raw",Indonesia,0,0
Dragon fruit,Fruits,Other fruits,2344729,57,15.23,3.1,0.08,0.09,0.18,0.02,1,4.3,0,0.12,0.01,0.03,0.16,0.03,7,0,5.1,0.18,0.1,9,116,7,1,0,0,0,0.05,0.03,0.04,0.08,0.06,0.01,0.01,0.03,0.01,0.02,0.05,0.05,0.38,0.7,20.55,0.1,0.44,Q10.1,,Dragon fruit,Indonesia,0,0
Longans,Fruits,Other fruits,169089,60,15.1,1.1,0.06,0.15,0.21,0.11,15.75,84,0,0.25,0.03,0.14,0.3,0.14,19.75,0,6.65,0.13,0.05,1,266,10,0,0,0,0,0.05,0.01,0.03,0.05,0.05,0.01,0.01,0.03,0.01,0.03,0.03,0.06,0.32,0.7,5.65,0.1,0.44,Q10.1,"Phytate value for longan missing, used rambutan as a proxy (they belong to the same family)","Longans, raw",Indonesia,0,0
Apple,Fruits,Other fruits,171688,52,13.8,2.4,0.01,0.05,0.06,0.03,3,4.6,0,0.18,0.02,0.03,0.09,0.04,3,0,3.4,0.12,0.04,6,107,5,1,0,0,0,0.2,0.01,0.01,0.01,0.01,0,0,0.01,0,0,0.01,0.01,0.06,0.7,0.51,0.1,0.44,Q10.2,For phytate: used an average of big and small apple,"Apples, raw, with skin ",Indonesia,0,0
Avocado,Fruits,Other fruits, 171705,160,8.53,6.7,9.8,1.82,11.62,2.13,7,10,0,2.07,0.07,0.13,1.74,0.26,81,0,14.2,0.55,0.64,12,485,29,7,0,0,0,0.11,0.05,0.08,0.14,0.13,0.04,0.03,0.1,0.03,0.05,0.07,0.11,0.82,0.7,11,0.1,0.44,Q10.2,,"Avocados, raw, all commercial varieties",Indonesia,0,0
Pear,Fruits,Other fruits,169118,57,15.23,3.1,0.08,0.09,0.18,0.02,1,4.3,0,0.12,0.01,0.03,0.16,0.03,7,0,5.1,0.18,0.1,9,116,7,1,0,0,0,0.2,0,0.01,0.02,0.02,0,0,0.01,0,0,0.01,0.02,0.1,0.7,4.83,0.1,0.44,Q10.2,,"Pears, raw",Indonesia,0,0
Durian,Fruits,Other fruits,168192,147,27.1,3.8,0.05,0.07,0.12,0.03,2,19.7,0,0.15,0.37,0.2,1.07,0.32,36,0,4.25,0.43,0.28,6,436,30,2,0,0,0,0.2,0,0.01,0.02,0.01,0,0,0.01,0,0,0.01,0.01,0.08,0.7,2.67,0.1,0.44,Q10.2,Phytate value for durian missing,"Durian, raw or frozen",Indonesia,0,0
Snake fruit,Fruits,Other fruits,IDE092 (from ID FCT),87,20.9,0.4,0.05,0.07,0.12,0.03,4,2,0,0.15,0.04,0.2,2.4,1,3,0,4.25,4.2,0,28,219.67,14,1.33,0,0,0,0.2,0,0.01,0.02,0.01,0,0,0.01,0,0,0.01,0.01,0.08,0.7,2.67,0.1,0.44,Q10.2,Phytate value for snake fruit missing,Snake fruit,Indonesia,0,0
Pineapple,Fruits,Other fruits,169124,50,13.1,1.4,0.01,0.04,0.05,0.01,3,47.8,0,0.02,0.08,0.03,0.5,0.11,18,0,5.5,0.29,0.12,13,109,12,1,0,0,0,0.11,0.01,0.02,0.02,0.03,0.01,0.01,0.02,0.01,0.02,0.02,0.02,0.19,0.7,8.59,0.1,0.44,Q10.3,,"Pineapple, raw, all varieties",Indonesia,0,0
Rose apple,Fruits,Other fruits,168171,25,5.7,2.1,0.02,0.11,0.13,0.01,17,22.3,0,0.09,0.02,0.03,0.8,0.06,15,0,6.55,0.07,0.06,29,123,5,0,0,0,0,0.11,0.01,0.03,0.05,0.05,0.02,0.01,0.03,0.01,0.03,0.03,0.04,0.31,0.7,0.51,0.1,0.44,Q10.3,Phytate value for rose-apple missing; used phytate value for apple as a proxy,"Rose-apples, raw (jamrul)",Indonesia,0,0
Starfruit,Fruits,Other fruits,171715,31,6.73,2.8,0.03,0.18,0.21,0.02,3,34.4,0,0.15,0.01,0.02,0.37,0.02,12,0,7.6,0.08,0.12,3,133,10,2,0,0,0,0.11,0.01,0.04,0.08,0.08,0.02,0.01,0.04,0.01,0.04,0.04,0.05,0.42,0.7,3.8,0.1,0.44,Q10.3,,"Carambola, raw (starfruit)",Indonesia,0,0
Coconut,Fruits,Other fruits,170169,354,15.23,9,1.43,0.37,1.79,29.7,0,3.3,0,0.24,0.07,0.02,0.54,0.05,26,0,12.1,2.43,1.1,14,356,32,20,0,0,0,0.11,0.08,0.13,0.25,0.15,0.06,0.07,0.17,0.04,0.1,0.12,0.2,1.36,0.7,136,0.1,0.3,Q10.3,,"Nuts, coconut meat, raw",Indonesia,0,0
White rice,Starchy staples,Refined grains,N/A,130,28.5,0.4,0.07,0.06,0.13,0.06,0,0,0,0.04,0.02,0.02,0.4,0.07,2.33,0,2.1,0.2,0.44,4.67,30,11,0.33,0,0,0,0.02,0.06,0.11,0.2,0.09,0.06,0.05,0.13,0.03,0.08,0.09,0.15,1.05,0.56,45.7,0.1,0.44,Q1,,"White rice, cooked, unenriched, average of long-, medium-, and short-grain",Indonesia,0,0
Congee (rice porridge),Starchy staples,Refined grains,2343902,33,7.16,0.1,0.02,0.02,0.04,0.02,0,0,0,0.01,0.04,0,0.38,0.02,25,0,0.5,0.3,0.13,6,9,4,253,0,0,0,0.02,0.08,0.14,0.26,0.09,0.06,0.07,0.17,0.04,0.1,0.12,0.17,1.13,0.56,20,0.1,0.44,Q1,,Congee (rice porridge),Indonesia,0,0
White rice noodles,Starchy staples,Refined grains,168914,108,24.01,1,0.03,0.02,0.05,0.02,0,0,0,0.03,0.02,0,0.07,0.01,1,0,1.6,0.14,0.25,4,4,3,19,0,0,0,0.02,0.05,0.07,0.15,0.06,0.04,0.03,0.1,0.02,0.09,0.06,0.1,0.78,0.56,45.7,0.1,0.44,Q1,"Used phytate value for cooked white rice, as value for cooked rice noodles was unavailable","Rice (white) noodles, cooked",Indonesia,0,0
Refined wheat pasta,Starchy staples,Refined grains,168928,158,30.86,1.8,0.13,0.33,0.46,0.18,0,0,0,0.06,0.02,0.02,0.4,0.05,7,0,6.4,0.5,0.51,7,44,18,1,0,0,0,0.02,0.13,0.23,0.44,0.13,0.07,0.11,0.3,0.08,0.11,0.21,0.26,2.07,0.29,164.74,0.1,0.26,Q1,"Used phytate value for cooked wheat-based noodles, as value for cooked pasta was unavailable","Pasta (white), cooked, unenriched, without added salt",Indonesia,0,0
Brown rice,Starchy staples,Whole grains,N/A,118,24.55,1.7,0.33,0.33,0.67,0.21,0,0,0,0.17,0.14,0.04,1.95,0.14,6.5,0,9.2,0.55,0.67,6.5,82.5,41.5,2.5,0,0,0,0.01,0.06,0.1,0.2,0.09,0.06,0.03,0.13,0.03,0.09,0.09,0.14,1.03,0.56,612.16,0.1,0.26,Q2,,"Brown rice, cooked, unenriched, average of long- and medium-grain",Indonesia,0,0
Unsalted brown rice cakes,Starchy staples,Whole grains,170250,387,81.5,4.2,1.03,0.99,2.02,0.57,0,0,0,1.24,0.06,0.17,7.81,0.15,21,0,31.6,1.49,3,11,290,131,26,0,0,0,0.02,0.21,0.35,0.68,0.31,0.18,0.1,0.42,0.1,0.31,0.3,0.48,3.43,0.56,612.16,0.1,0.26,Q2,Phytate value for brown rice cake missing; used phytate value for brown rice as a proxy,"Snacks, rice cakes, brown rice, plain, unsalted",Indonesia,0,0
Whole wheat noodles,Starchy staples,Whole grains,2343836,148,29.91,3.9,0.18,0.57,0.75,0.24,0,0,0,0.23,0.15,0.1,3.11,0.09,20,0,6.5,1.71,1.33,13,95,54,210,0,0,0,0.02,0.13,0.2,0.41,0.17,0.1,0.07,0.25,0.06,0.17,0.17,0.27,1.73,0.56,164.74,0.1,0.26,Q2,"Used phytate value for cooked white wheat-based noodles, as value for cooked whole wheat-based noodles was unavailable","Noodles, whole wheat, cooked",Indonesia,0,0
Whole wheat pasta,Starchy staples,Whole grains,168910,149,30.07,3.9,0.18,0.57,0.75,0.24,0,0,0,0.23,0.16,0.1,3.13,0.09,21,0,6.5,1.72,1.34,13,96,54,4,0,0,0,0.04,0.14,0.23,0.41,0.13,0.1,0.13,0.3,0.08,0.16,0.16,0.26,2.09,0.56,164.74,0.1,0.26,Q2,"Used phytate value for cooked wheat-based noodles, as value for cooked pasta was unavailable","Pasta, whole-wheat, cooked (Includes foods for USDA's Food Distribution Program)",Indonesia,0,0
Corn,Starchy staples,Whole grains,N/A,97,21.35,2.55,0.37,0.6,0.98,0.2,6.5,5.85,0,0.09,0.09,0.06,1.67,0.13,21.5,0,29.1,0.5,0.58,2.5,235,28.5,2,0,0,0,0.02,0.09,0.13,0.36,0.14,0.07,0.03,0.16,0.02,0.13,0.13,0.19,1.45,0.42,196,0.1,0.26,Q2,,"Corn, boiled, average of sweet white and yellow varieties",Indonesia,0,0
Sweet potato,Starchy staples,"White roots, tubers, and plantains",N/A,110,19.06,2.93,1.22,1.29,2.51,0.46,872.67,16.73,0,1.25,0.09,0.08,1.12,0.24,5.67,0,11.93,0.68,0.27,33.33,378.33,23,78.67,0,0,0,0,0.03,0.06,0.1,0.07,0.03,0.02,0.1,0.03,0.04,0.09,0.09,0.67,1.25,10.33,0.1,0.44,Q3,,"Sweet potato, cooked, average of boiled, baked and fried",Indonesia,0,0
Potato,Starchy staples,"White roots, tubers, and plantains",N/A,107,20.7,1.86,0.75,0.8,1.55,0.28,0.43,11,0,0.34,0.08,0.03,1.38,0.3,18.29,0,14.19,0.7,0.32,9.86,451.57,25.57,92.43,0,0,0,0.04,0.04,0.08,0.12,0.12,0.03,0.03,0.09,0.03,0.07,0.07,0.11,0.79,1.25,47.61,0.1,0.44,Q3,,"Potato, cooked, average of skin eaten and not eaten and of boiled, baked, fried, and roasted",Indonesia,0,0
Cassava,Starchy staples,"White roots, tubers, and plantains",2345064,191,39.62,1.9,1.02,0.86,1.88,0.8,13,18.2,0,0.56,0.08,0.05,0.85,0.1,24,0,24.9,0.28,0.36,17,282,22,145,0,0,0,0.04,0.03,0.05,0.08,0.07,0.02,0.02,0.07,0.02,0.04,0.06,0.08,0.56,0.18,60,0.1,0.35,Q3,,"Cassava, cooked",Indonesia,0,0
Taro,Starchy staples,"White roots, tubers, and plantains",168486,142,34.6,5.1,0.01,0.05,0.06,0.02,4,5,0,2.93,0.11,0.03,0.51,0.33,19,0,21.3,0.72,0.27,18,484,30,15,0,0,0,0.04,0.01,0.02,0.04,0.02,0.01,0.01,0.03,0.01,0.02,0.02,0.03,0.22,0.71,18,0.1,0.44,Q3,,"Taro, cooked, without salt",Indonesia,0,0
Breadfruit,Starchy staples,"White roots, tubers, and plantains",2345402,123,26.26,4.7,0.91,0.82,1.73,0.72,11,23.9,0,0.44,0.1,0.03,0.83,0.1,12,0,9.7,0.53,0.12,17,475,24,123,0,0,0,0.04,0.03,0.05,0.08,0.07,0.02,0.02,0.07,0.02,0.04,0.06,0.08,0.56,0.71,40.15,0.1,0.44,Q3,Phytate value for cooked breadfruit missing; used phytate value for raw breadfruit as a proxy,"Breadfruit, cooked",Indonesia,0,0
Green banana,Starchy staples,"White roots, tubers, and plantains",N/A,133,31.34,1.65,0.59,0.58,1.17,0.2,52.5,15.35,0,0.24,0.06,0.07,0.63,0.21,18.5,0,13.3,0.55,0.19,3,478.5,35.5,118,0,0,0,0.08,0.03,0.05,0.08,0.07,0.02,0.02,0.07,0.02,0.04,0.06,0.08,0.56,0.71,11.48,0.1,0.44,Q3,,"Green banana, average of boiled and fried",Indonesia,0,0
Tofu,"Pulses, nuts, and seeds",Legumes,N/A,136,4.3,1.67,2.13,5.04,7.17,1.41,0.33,0.13,0,0.02,0.09,0.05,0.25,0.07,30,0,53.93,2.53,1.15,228,138,41.33,12,0,0,0,0.36,0.31,0.54,0.84,0.67,0.14,0.12,0.53,0.16,0.39,0.46,0.55,4.71,0.97,387.67,0.1,0.26,Q4,,"Tofu, average of firm and soft and of raw and fried",Indonesia,0,0
Tempeh,"Pulses, nuts, and seeds",Legumes,N/A,194,7.63,3.85,3.48,3.47,6.94,2.97,0,0,0,0.2,0.07,0.36,2.39,0.21,22.5,0.11,38.75,2.42,1.36,103.5,406.5,79,11.5,0,0,0,0.36,0.47,0.88,1.43,0.91,0.18,0.19,0.89,0.19,0.66,0.8,0.92,7.52,0.97,431,0.1,0.26,Q4,,"Tempeh, average of raw and cooked",Indonesia,0,0
Red beans,"Pulses, nuts, and seeds",Legumes,N/A,96,17.43,7.35,0.03,0.2,0.24,0.06,0,12.27,0,0.03,0.21,0.13,1.44,0.1,99.33,0,30.5,1.94,1.09,25,376.33,40,5.67,0,0,0,0.36,0.19,0.3,0.56,0.48,0.09,0.07,0.37,0.08,0.21,0.27,0.36,2.98,0.76,219,0.1,0.26,Q4,,"Red beans, average of cooked adzuki and kidney beans, and of sprouted and not",Indonesia,0,0
Edamame,"Pulses, nuts, and seeds",Legumes,168411,121,8.91,5.2,1.28,2.16,3.44,0.62,15,6.1,0,0.68,0.2,0.16,0.92,0.1,311,0,56.3,2.27,1.37,63,436,64,6,0,0,0,0.36,0.27,0.3,0.75,0.75,0.14,0.12,0.49,0.13,0.34,0.33,0.32,3.93,1.02,273,0.1,0.26,Q4,Phytate value for cooked edamame missing; used phytate value for raw edamame as a proxy. Only frozen edamame were available in USDA FDC.,"Edamame, frozen, prepared",Indonesia,0,0
Mung beans,"Pulses, nuts, and seeds",Legumes,174257,105,19.15,7.6,0.05,0.13,0.18,0.12,1,1,0,0.15,0.16,0.06,0.58,0.07,159,0,29.4,1.4,0.84,27,266,48,2,0,0,0,0.36,0.21,0.3,0.54,0.49,0.08,0.06,0.43,0.08,0.21,0.23,0.36,2.99,0.86,381.95,0.1,0.26,Q4,,"Mung beans, mature seeds, cooked, boiled, without salt",Indonesia,0,0
Oncom,"Pulses, nuts, and seeds",Legumes,IDC090 (from ID FCT),198,22.6,0.7,1.23,1.99,3.22,0.9,0,0,0,0.2,0.09,0.02,0.3,0.04,3,0,38.75,9.9,0.4,96,290.14,49.56,14.69,0,0,0,0.36,0.25,0.41,0.72,0.57,0.11,0.1,0.47,0.11,0.32,0.37,0.44,3.87,0.97,409.33,0.1,0.26,Q4,"Phytate value for oncom missing, used average value for tofu and tempeh as a proxy.",Oncom (fermented soybeans),Indonesia,0,0
Unsweetened soymilk,"Pulses, nuts, and seeds",Legumes,172446,54,6.28,0.6,0.4,0.96,1.36,0.21,0,0,0,0.11,0.06,0.07,0.51,0.08,18,0,23.6,0.64,0.12,25,118,25,51,0,0,0,0.36,0.06,0.11,0.19,0.13,0.03,0,0.11,0.04,0.09,0.11,0.12,0.98,1.17,133,0.1,0.3,Q4,,"Soymilk, original and vanilla, unfortified",Indonesia,1,0
Peanuts,"Pulses, nuts, and seeds",Nuts and seeds,N/A,584,17.55,8.77,25.53,13.54,39.07,7.56,0,0.27,0,6.72,0.29,0.14,13.42,0.43,152.33,0,57.37,2.56,3.11,70.33,688.33,174,10,0,0,0,0.03,0.64,0.91,1.67,0.91,0.3,0.34,1.34,0.24,1.01,0.77,1.07,9.19,0.43,1497.5,0.1,0.26,Q21,,"Peanuts, average of raw, dry-roasted and oil-roasted",Indonesia,0,0
Peanut butter,"Pulses, nuts, and seeds",Nuts and seeds,N/A,594,21.94,6.5,24.53,13.23,37.77,8.97,0,0,0,7.7,0.13,0.15,13.4,0.43,89.5,0,62.15,1.82,2.65,47,651.5,164,17,0,0,0,0.03,0.55,0.61,1.54,0.68,0.26,0.23,1.19,0.23,0.82,0.52,0.78,7.41,0.46,443,0.1,0.26,Q21,,"Peanut butter, average of chunk and smooth style",Indonesia,0,0
Cashews,"Pulses, nuts, and seeds",Nuts and seeds,N/A,569,30.92,3.2,25.68,8.08,33.75,8.47,0,0.27,0,0.91,0.33,0.16,1.4,0.33,39.67,0,61,6.24,5.58,41.67,619,275,13.67,0,0,0,0.04,0.43,0.75,1.37,0.87,0.32,0.35,0.87,0.26,0.49,0.64,1.05,7.4,0.42,1079,0.1,0.26,Q21,,"Cashew nuts, average of raw, dry-roasted and oil-roasted",Indonesia,0,0
Sunflower seeds,"Pulses, nuts, and seeds",Nuts and seeds,N/A,586,22.32,10.1,12.03,30.11,42.14,5.58,1,1.3,0,32.53,0.64,0.29,6.5,0.98,232.67,0,55.1,4.44,5.17,78.33,659.33,193.67,5,0,0,0,0.08,0.57,1.04,1.51,0.85,0.45,0.41,1.06,0.32,0.61,0.84,1.2,8.86,0.67,423,0.1,0.26,Q21,,"Sunflower seeds, average of raw, dry-roasted and oil-roasted",Indonesia,0,0
Carrots,Vegetables,Vitamin A-rich orange vegetables,N/A,38,8.9,2.9,0.01,0.1,0.1,0.03,843.5,4.75,0,0.85,0.07,0.05,0.81,0.15,16.5,0,8.8,0.32,0.22,31.5,277.5,11,63.5,0,0,0,0,0.04,0.07,0.09,0.09,0.02,0.08,0.06,0.01,0.04,0.17,0.06,0.73,0.8,88.2,0.1,0.35,Q5,,"Carrots, average of raw and cooked (boiled)",Indonesia,0,0
Pumpkin,Vegetables,Vitamin A-rich orange vegetables,N/A,23,5.7,0.8,0.01,0,0.02,0.04,357,6.85,0,0.93,0.04,0.09,0.51,0.05,12.5,0,7.2,0.69,0.28,18,285,10.5,1,0,0,0,0,0.01,0.03,0.04,0.05,0.01,0,0.03,0.01,0.04,0.03,0.03,0.27,0.8,19.72,0.1,0.44,Q5,,"Pumpkin, average of raw and cooked (boiled)",Indonesia,0,0
Red pepper,Vegetables,Vitamin A-rich orange vegetables,N/A,62,6.43,1.7,0.77,1.99,2.76,0.55,147.33,153.83,0,2.11,0.06,0.07,0.8,0.3,21.33,0,5.83,0.45,0.17,7.67,190,11.33,9,0,0,0,0,0.02,0.02,0.04,0.04,0.01,0.02,0.04,0.01,0.01,0.04,0.03,0.29,0.8,17.68,0.1,0.44,Q5,,"Peppers, sweet, red, average of raw and cooked (boiled and sauted)",Indonesia,0,0
Spinach,Vegetables,Dark green leafy vegetables,N/A,23,3.69,2.3,0.01,0.14,0.15,0.05,496.5,18.95,0,2.06,0.09,0.21,0.61,0.22,170,0,19.5,3.14,0.65,117.5,512,83,74.5,0,0,0,0.14,0.07,0.15,0.23,0.18,0.05,0.04,0.13,0.04,0.11,0.12,0.16,1.28,0.8,12.01,0.1,0.44,Q6.1,,"Spinach, average of raw and cooked (boiled)",Indonesia,0,0
Water spinach,Vegetables,Dark green leafy vegetables,N/A,20,3.42,2,0.01,0.1,0.11,0.04,287.5,35.5,0,0.94,0.04,0.09,0.7,0.09,46,0,21.01,1.5,0.17,65.5,298,50.5,117.5,0,0,0,0.12,0.04,0.09,0.13,0.1,0.04,0.03,0.11,0.03,0.07,0.13,0.12,0.89,0.8,27,0.1,0.44,Q6.1,,"Water spinach, average of raw and cooked (boiled)",Indonesia,0,0
Chinese cabbage,Vegetables,Dark green leafy vegetables,N/A,13,1.98,1,0.01,0.09,0.1,0.02,217.5,35.5,0,0.09,0.04,0.07,0.46,0.18,53.5,0,9.25,0.92,0.18,99,311.5,15,49.5,0,0,0,0.12,0.03,0.09,0.09,0.09,0.01,0.02,0.05,0.02,0.03,0.05,0.07,0.53,0.8,10.93,0.1,0.44,Q6.1,,"Cabbage, chinese (sawi/pak/bok-choi), average of raw and cooked (boiled)",Indonesia,0,0
Chinese broccoli,Vegetables,Dark green leafy vegetables,N/A,24,4.24,2.55,0.05,0.34,0.39,0.11,84,28.9,0,0.49,0.1,0.15,0.45,0.07,101.5,0,25.9,0.58,0.4,102.5,267.5,18.5,7,0,0,0,0.12,0.05,0.1,0.15,0.13,0.04,0.03,0.1,0.03,0.07,0.1,0.12,0.91,0.8,25.66,0.1,0.44,Q6.1,,"Chinese broccoli, average of raw and cooked (boiled)",Indonesia,0,0
Broccoli,Vegetables,Dark green leafy vegetables,N/A,35,6.91,2.95,0.04,0.14,0.18,0.1,54,77.05,0,1.12,0.07,0.12,0.6,0.19,85.5,0,29.4,0.7,0.43,43.5,304.5,21,37,0,0,0,0.1,0.06,0.09,0.14,0.15,0.04,0.03,0.12,0.03,0.06,0.09,0.13,0.93,0.8,25.66,0.1,0.44,Q6.1,,"Broccoli, average of raw and cooked (boiled)",Indonesia,0,0
Sweet potato leaves,Vegetables,Dark green leafy vegetables,N/A,39,8.1,3.6,0.02,0.18,0.2,0.09,168,6.25,0,0.96,0.13,0.31,1.07,0.18,25,0,21,0.8,0.26,55.5,410,59,6.5,0,0,0,0.07,0.1,0.25,0.46,0.18,0.07,0.04,0.27,0.03,0.21,0.23,0.32,2.15,0.8,280,0.1,0.26,Q6.2,,"Sweet potato leaves, average of raw and cooked (steamed)",Indonesia,0,0
Pumpkin leaves,Vegetables,Dark green leafy vegetables,N/A,20,2.86,2.7,0.04,0.02,0.06,0.16,88.5,6,0,0.96,0.08,0.13,0.89,0.2,30.5,0,21,2.71,0.2,41,437,38,9.5,0,0,0,0.07,0.05,0.15,0.3,0.19,0.05,0.03,0.16,0.04,0.15,0.15,0.17,1.41,0.8,36.14,0.1,0.44,Q6.2,,"Pumpkin leaves, average of raw and cooked (boiled)",Indonesia,0,0
Drumstick leaves,Vegetables,Dark green leafy vegetables,N/A,62,9.72,2,0.47,0.02,0.49,0.15,364.5,41.35,0,0.1,0.24,0.58,2.11,1.06,31.5,0,21,3.16,0.55,168,340.5,38,9,0,0,0,0.07,0.15,0.35,0.62,0.42,0.1,0.11,0.38,0.11,0.27,0.32,0.48,3.31,0.8,128,0.1,0.3,Q6.2,,"Drumstick leaves, average of raw and cooked (boiled)",Indonesia,0,0
Cassava leaves,Vegetables,Dark green leafy vegetables,IDD076 (from ID FCT),68,7.1,2.4,0.13,0.06,0.19,0.1,456,103,0,0.67,0.04,0.1,1.8,0.34,12,0,21,1.3,2.6,166,298.13,35.1,7.5,0,0,0,0.07,0.1,0.25,0.46,0.26,0.07,0.06,0.27,0.06,0.21,0.23,0.32,2.29,0.8,28.54,0.1,0.44,Q6.2,Used phytate value for boiled cassava leaves as value for styr-fried was missing,"Cassava leaves, stir-fried",Indonesia,0,0
Tree fern,Vegetables,Dark green leafy vegetables,170464,40,10.98,3.7,0.01,0.03,0.04,0.01,10,30,0,0.67,0,0.3,3.5,0.18,15,0,21,0.16,0.31,8,5,5,5,0,0,0,0.07,0.1,0.25,0.46,0.26,0.07,0.06,0.27,0.06,0.21,0.23,0.32,2.29,0.8,32.01,0.1,0.44,Q6.2,Used phytate for raw vegetable fern as phytate value for cooked was missing,"Tree fern, cooked, without salt",Indonesia,0,0
Tomatoes,Vegetables,Other vegetables,N/A,19,4,0.93,0.03,0.08,0.11,0.03,24.5,17.23,0,0.49,0.04,0.03,0.7,0.07,16.75,0,7.4,0.49,0.17,11.25,229.25,10.5,13,0,0,0,0.07,0.02,0.02,0.04,0.04,0.01,0.01,0.03,0.01,0.02,0.03,0.03,0.24,0.8,1.74,0.1,0.44,Q7.1,,"Tomatoes, average of red, yellow and green, and of raw and cooked",Indonesia,0,0
Long bean,Vegetables,Other vegetables,169223,47,9.18,1.88,0.01,0.04,0.05,0.03,23,16.2,0,0.46,0.09,0.1,0.63,0.02,45,0,10.77,0.98,0.36,44,290,42,4,0,0,0,0.07,0.08,0.14,0.18,0.17,0.04,0.04,0.14,0.03,0.1,0.09,0.15,1.15,0.8,688,0.1,0.26,Q7.1,"Used phytate for winged bean as as a proxy, as value for long bean was missing","Yardlong bean (long bean), cooked, boiled, drained, without salt",Indonesia,0,0
Green beans,Vegetables,Other vegetables,169141,35,7.88,3.2,0.01,0.15,0.16,0.06,32,9.7,0,0.46,0.07,0.1,0.61,0.06,33,0,16.9,0.65,0.25,44,146,18,1,0,0,0,0.07,0.04,0.07,0.12,0.09,0.02,0.02,0.07,0.02,0.04,0.08,0.09,0.66,0.8,688,0.1,0.26,Q7.1,"Used phytate for winged bean as as a proxy, as value for green bean was missing","Beans, snap, green, cooked, boiled, drained, without salt",Indonesia,0,0
Winged beans,Vegetables,Other vegetables,172453,147,14.94,1.88,2.15,1.55,3.7,0.83,0,0,0,0.46,0.3,0.13,0.83,0.05,10,0,10.77,4.33,1.44,142,280,54,13,0,0,0,0.07,0.24,0.45,0.76,0.65,0.11,0.17,0.44,0.23,0.45,0.36,0.47,4.32,0.8,688,0.1,0.26,Q7.1,Used phytate for raw winged bean as phytate value for cooked was missing,"Winged beans, mature seeds, cooked, boiled, without salt",Indonesia,0,0
Cabbage,Vegetables,Other vegetables,N/A,20,4.24,1.83,0.02,0.04,0.06,0.03,18.25,29.23,0,0.14,0.05,0.04,0.35,0.16,51.25,0,12.87,0.31,0.2,49.25,207.25,12.5,11,0,0,0,0.07,0.02,0.05,0.06,0.06,0.01,0.01,0.04,0.01,0.02,0.04,0.05,0.38,0.8,11.21,0.1,0.44,Q7.1,,"Cabbage, average of common and Chinese (pe-tsai), and of raw and cooked",Indonesia,0,0
Green pepper,Vegetables,Other vegetables,N/A,55,5.19,1.57,0.79,2.02,2.81,0.56,18.33,110.6,0,0.76,0.05,0.04,0.51,0.22,13,0,5.9,0.37,0.1,9,158.33,9.33,7.33,0,0,0,0.07,0.01,0.03,0.04,0.04,0.01,0.01,0.07,0.01,0.01,0.03,0.04,0.3,0.8,15.96,0.1,0.44,Q7.1,,"Green pepper, average of raw and cooked (boiled and sauted)",Indonesia,0,0
Chayote,Vegetables,Other vegetables,N/A,22,4.8,2.25,0.01,0.03,0.03,0.01,0,7.85,0,0.13,0.03,0.03,0.45,0.1,55.5,0,9.85,0.28,0.53,15,149,12,1.5,0,0,0,0,0.01,0.04,0.07,0.03,0,0.02,0.04,0.01,0.03,0.04,0.06,0.34,0.8,19.42,0.1,0.44,Q7.2,,"Chayote, average of raw and cooked (boied)",Indonesia,0,0
Mung bean sprouts,Vegetables,Other vegetables,N/A,36,7.39,1.35,0.03,0.05,0.08,0.03,1.5,13.7,0,0.07,0.1,0.14,1.01,0.09,49.5,0,9.9,1.28,0.69,12.5,160,23.5,9.5,0,0,0,0,0.08,0.15,0.2,0.19,0.04,0.02,0.13,0.04,0.06,0.09,0.15,1.16,0.8,80.77,0.1,0.35,Q7.2,,"Mung bean sprouts, average of boiled and styr-fried",Indonesia,0,0
Radish,Vegetables,Other vegetables,N/A,16,3.39,1.53,0.02,0.07,0.09,0.04,0,22.03,0,0,0.02,0.02,0.22,0.05,19.67,0,7.05,0.45,0.14,23.67,264,11.33,16.67,0,0,0,0,0.02,0.03,0.04,0.04,0.01,0.01,0.03,0,0.02,0.03,0.04,0.26,0.8,1.75,0.1,0.44,Q7.2,,"Radish, average of oriental and icicle white radish, and of raw and cooked (boiled)",Indonesia,0,0
Cauliflower,Vegetables,Other vegetables,N/A,121,13.01,1.95,2.51,2.63,5.14,0.96,3,30.2,0.05,1.04,0.15,0.1,1.17,0.13,64,0.02,34.1,1,0.27,24.5,150.5,11.5,170.5,0,0,0,0,0.04,0.07,0.11,0.1,0.03,0.02,0.07,0.02,0.04,0.07,0.09,0.65,0.8,18.48,0.1,0.44,Q7.2,,"Cauliflower, average of boiled and fried",Indonesia,0,0
Mushrooms,Vegetables,Other vegetables,N/A,67,9.62,2.2,0.84,0.98,1.82,0.35,0.83,0.85,0.33,0.33,0.11,0.32,3.93,0.11,28.33,0.01,31.85,0.83,0.81,7.5,308.17,13.67,58.5,0,0,0,0,0.05,0.08,0.13,0.1,0.03,0.02,0.09,0.02,0.05,0.1,0.21,0.87,0.8,3.22,0.1,0.44,Q7.2,"Phytate values for all cooked mushroom varieties missing, used value for raw white mushroom as a proxy","Mushrooms, average of multiple varieties consumed in Asia and of various cooking methods (boiled, grilled, styr-fried, fried)",Indonesia,0,0
Eggplant,Vegetables,Other vegetables,N/A,127,15.53,2.25,2.5,2.58,5.08,0.93,3.5,1.05,0.05,1.26,0.17,0.08,1.3,0.07,43,0.02,11.9,0.93,0.22,17,129,12.5,158,0,0,0,0.06,0.02,0.04,0.05,0.04,0.01,0,0.04,0.01,0.02,0.03,0.04,0.3,0.8,12.28,0.1,0.44,Q7.3,,"Eggplant, average of boiled and fried",Indonesia,0,0
Bitter melon,Vegetables,Other vegetables,168394,19,4.32,2,0.03,0.08,0.11,0.01,6,33,0,0.14,0.05,0.05,0.28,0.04,51,0,10.8,0.38,0.77,9,319,16,6,0,0,0,0.06,0.02,0.03,0.05,0.05,0.01,0.01,0.03,0.01,0.02,0.03,0.04,0.3,0.8,13.84,0.1,0.44,Q7.3,Used phytate for raw bitter gourd as phytate value for cooked was missing,"Balsam-pear (bitter gourd or bitter melon), pods, cooked, boiled, drained, without salt",Indonesia,0,0
Luffa gourd,Vegetables,Other vegetables,N/A,38,9.35,2,0.05,0.12,0.17,0.02,13.63,8.85,0,0.17,0.05,0.05,0.33,0.07,9.5,0,9.68,0.36,0.12,14.5,296,17,12,0,0,0,0.06,0.02,0.03,0.05,0.05,0.01,0.01,0.03,0.01,0.02,0.03,0.04,0.3,0.8,13.42,0.1,0.44,Q7.3,"Phytate value for loofa gourd missing, used an average of phytate value for other gourds","Loofa gourd, average of raw and cooked (boiled)",Indonesia,0,0
Cucumber,Vegetables,Other vegetables,N/A,30,3.89,0.55,0.52,0.48,1,0.43,12,2.75,0,0.23,0.03,0.03,0.1,0.05,7,0,6.55,0.3,0.22,17.5,157.5,14,73.5,0,0,0,0.06,0.02,0.03,0.05,0.05,0.01,0.01,0.03,0.01,0.02,0.03,0.04,0.3,0.8,16.94,0.1,0.44,Q7.3,,"Cucumber, average of raw and cooked",Indonesia,0,0
Zucchini,Vegetables,Other vegetables,N/A,16,2.9,1,0.02,0.12,0.14,0.08,33,15.4,0,0.12,0.04,0.06,0.48,0.12,26,0,9.45,0.37,0.33,17,262.5,18.5,5.5,0,0,0,0.06,0.02,0.03,0.05,0.05,0.01,0.01,0.03,0.01,0.02,0.02,0.04,0.31,0.8,11.04,0.1,0.44,Q7.3,,"Zucchini, average of raw and cooked (boiled)",Indonesia,0,0
Egg,Animal-source foods,Eggs,N/A,164,1.05,0,4.89,2.45,7.34,3.56,175.25,0,1.98,1.2,0.05,0.44,0.07,0.15,42.5,0.9,269.88,1.47,1.14,56.5,131.75,11.25,157.75,0.05,0,0,0.35,0.28,0.63,1.01,0.84,0.35,0.26,0.63,0.15,0.47,0.53,0.77,5.92,1.1,0,0.15,0.44,Q13,,"Egg, average of various cooking methods (omelet, scrambled, boiled, fried)",Indonesia,0,0
Low-fat cottage cheese,Animal-source foods,Cheese,2341152,143,3.18,0,2.39,0.33,2.72,5.2,83,0,0.1,0.24,0.03,0.15,0.09,0.04,11,0.41,18.6,0.07,0.38,78,98,8,297,0,0,0,0.11,0.87,1.39,2.45,1.99,0.68,0.18,1.36,0.47,1.4,1.07,1.75,13.6,1.16,0,0.15,0.44,Q14,,"Cottage cheese, farmer's (low-fat)",Indonesia,1,0
Full-fat cheese,Animal-source foods,Cheese,N/A,363,2.8,0,7.81,0.73,8.54,16.31,222,0,0.5,0.34,0.03,0.34,0.12,0.07,15.5,1.53,15.68,0.41,3.3,774.75,91.25,30,783.25,0,0,0,0.11,0.87,1.39,2.45,1.99,0.68,0.18,1.36,0.47,1.4,1.07,1.75,13.6,1.16,0,0.15,0.44,Q14,,"Cheese (high-fat), average of multiple varieties of soft and hard cheeses",Indonesia,0,0
Plain whole yogurt,Animal-source foods,Yogurt,171284,61,4.66,0,0.89,0.09,0.99,2.1,27,0.5,0.1,0.06,0.03,0.14,0.08,0.03,7,0.37,15.2,0.05,0.59,121,155,12,46,0,0,0,0.1,0.09,0.19,0.35,0.31,0.1,0.03,0.19,0.02,0.18,0.14,0.29,1.88,1.16,0,0.15,0.44,Q15,,"Yogurt, plain, whole milk",Indonesia,1,0
Beef,Animal-source foods,Unprocessed red meat (ruminant),N/A,265,0,0,7.38,0.62,8.01,6.47,1.67,0,0.2,0.2,0.07,0.21,4.84,0.37,8.14,2.61,90.42,2.5,5.91,11.29,336.57,22.57,66.71,0,0,0.01,0.01,0.9,1.23,2.16,2.31,0.7,0.29,1.06,0.25,0.9,1.15,1.32,12.28,1.12,0,0.2,0.44,Q17,,"Beef, average of various cuts, deegrees of fat, and cooking methods",Indonesia,0,0
Beef organs,Animal-source foods,Organ meat,N/A,187,1.06,0,2.86,0.85,3.71,3.02,1718.6,10.58,0.7,0.29,0.1,1.64,7.43,0.37,71.1,24.14,329.78,12.1,3.57,9.4,234.7,17.7,70.6,0,0,0,0.03,0.87,1.13,2.38,1.98,0.59,0.61,1.23,0.31,0.9,1.07,1.6,12.68,1.12,0,0.2,0.44,Q17,,"Beef organs, average of liver, spleen, kidney, heart, and tongue, cooked (braised or simmered)",Indonesia,0,0
Goat,Animal-source foods,Unprocessed red meat (ruminant),175304,143,0,0,1.36,0.23,1.59,0.93,0,0,0,0.34,0.09,0.61,3.95,0,5,1.19,106.4,3.73,5.27,17,405,0,86,0,0,0,0.02,0.57,1.37,2.26,2.02,0.73,0.32,0.94,0.4,0.83,1.29,1.45,12.18,1.12,0,0.2,0.44,Q17,No other cooking methods available,"Game meat, goat, cooked, roasted",Indonesia,0,0
Buffalo,Animal-source foods,Unprocessed red meat (ruminant),175300,131,0,0,0.55,0.36,0.91,0.6,0,0,0.2,0.33,0.03,0.25,6.29,0.46,9,1.75,150.15,2.12,2.54,15,313,33,56,0,0,0,0.02,0.89,1.35,2.31,2.12,0.67,0.43,1.08,0.33,1.08,1.28,1.43,12.95,1.12,0,0.2,0.44,Q17,No other cooking methods available,"Game meat, buffalo, water, cooked, roasted",Indonesia,0,0
Deer,Animal-source foods,Unprocessed red meat (ruminant),N/A,160,0,0,0.66,0.26,0.91,1.4,0,0,0,0.66,0.22,0.57,8.42,0.64,9.75,2.7,123.55,4.41,4.54,5.6,371.4,29,53,0,0,0,0.02,1.06,1.34,2.46,2.61,0.75,0.31,1.21,0.28,1.01,1.25,1.53,13.82,1.12,0,0.2,0.44,Q17,,"Deer, average of various cuts and different cooking methods",Indonesia,0,0
Lamb,Animal-source foods,Unprocessed red meat (ruminant),N/A,252,0,0,6.51,1.25,7.75,6.33,0,0,0.1,0.17,0.1,0.26,6.6,0.14,20.6,2.63,100.6,2.08,4.92,17.4,309,26,76,0,0,0,0.02,0.82,1.25,2.01,2.28,0.66,0.31,1.05,0.3,0.87,1.1,1.39,12.04,1.12,0,0.2,0.44,Q17,,"Lamb, average of various cuts, deegrees of fat, and cooking methods",Indonesia,0,0
Boar,Animal-source foods,Unprocessed red meat (non-ruminant),175298,160,0,0,1.71,0.64,2.35,1.3,0,0,0,0.38,0.31,0.14,4.21,0.42,6,0.7,117.4,1.12,3.01,16,396,27,60,0,0,0,0.12,1.44,1.37,2.3,2.79,0.7,0.37,1.13,0.38,1.01,1.33,1.52,14.33,1.26,0,0.15,0.44,Q18,No other cooking methods available,"Game meat, boar, wild, cooked, roasted",Indonesia,0,0
Horse,Animal-source foods,Unprocessed red meat (non-ruminant),175087,175,0,0,2.12,0.85,2.97,1.9,0,2,0.41,0.36,0.1,0.12,4.84,0.33,6,3.16,110.46,5.03,3.82,8,379,25,55,0,0,0,0.12,1.08,1.33,2.23,2.4,0.62,0.39,1.16,0.35,0.88,1.26,1.46,13.17,1.26,0,0.15,0.44,Q18,No other cooking methods available,"Game meat, horse, cooked, roasted",Indonesia,0,0
Rabbit,Animal-source foods,Unprocessed red meat (non-ruminant),N/A,192,0,0,1.8,1.29,3.09,1.99,0,0,0,0.43,0.06,0.15,7.33,0.38,9.33,7.11,125.55,3.16,2.34,19,342,24,43,0,0,0,0.12,0.86,1.46,2.4,2.7,0.77,0.39,1.27,0.41,1.1,1.38,1.57,14.3,1.26,0,0.15,0.44,Q18,,"Rabbit, average of domesticated and wild and of different cooking methods",Indonesia,0,0
Pork,Animal-source foods,Unprocessed red meat (non-ruminant),N/A,288,0,0,8.78,2.46,11.23,7.12,2.67,0.18,1.23,0.29,0.49,0.36,6.26,0.41,2.67,0.8,88.42,1.2,3.1,29,337.33,20.83,78.17,0,0,0.01,0.12,1.03,1.21,2.1,2.32,0.69,0.31,1.07,0.32,0.98,1.16,1.36,12.56,1.26,0,0.15,0.44,Q18,,"Pork, average of various cuts, deegrees of fat, and cooking methods",Indonesia,0,0
Dove,Animal-source foods,Poultry,169905,213,0,0,5.46,2.73,8.2,3.74,28,2.9,0.2,0.06,0.28,0.35,7.6,0.57,6,0.41,63.6,5.91,3.83,17,256,26,57,0.02,0.01,0.04,0.03,0.65,1.16,1.89,1.92,0.6,0.33,0.99,0.27,0.82,1,1.23,10.88,1.08,0,0.15,0.44,Q19,No other cooking methods available,"Dove, cooked (includes pigeon)",Indonesia,0,0
Chicken organs,Animal-source foods,Organ meat,,177,0.55,0,1.71,1.96,3.67,2.15,2073.25,8.55,0,0.8,0.18,1.45,7.64,0.56,324.5,13.14,308.4,10.64,5.65,14.75,210.5,23,66,0,0,0,0.01,0.71,1.3,2.24,2.07,0.63,0.38,1.19,0.3,0.95,1.12,1.47,12.35,1.08,0,0.15,0.44,Q19,,"Chicken organs, average of heart and liver, cooked (pan-fried or simmered)",Indonesia,0,0
Duck,Animal-source foods,Poultry,N/A,291,0,0,9.86,2.92,12.78,7.74,49.67,0,0.1,0.7,0.2,0.34,4.9,0.2,7.33,0.33,55.1,2.69,2.1,11.33,219.33,17.33,169,0,0,0,0,0.46,0.87,1.47,1.49,0.48,0.3,0.75,0.23,0.64,0.77,0.94,8.39,1.08,0,0.15,0.44,Q19,,"Duck, average of with and without skin and of different cooking methods",Indonesia,0,0
Chicken,Animal-source foods,Poultry,N/A,208,0.25,0,4.22,2.4,6.63,2.96,26.83,0,0.1,0.28,0.07,0.2,6.71,0.4,5,0.32,63.43,1.41,2.33,17.29,274,22,85.29,0.04,0.01,0.02,0.08,0.79,1.31,1.97,2.21,0.71,0.32,1.02,0.29,0.88,1.1,1.27,11.88,1.08,0,0.15,0.44,Q19,,"Chicken, average of various cuts, with and without skin, and of different cooking methods",Indonesia,0,0
Lean fish,Animal-source foods,Fish and seafood,N/A,169,2.35,0.1,2.99,2.2,5.18,1.67,13.6,0.32,1.73,1.42,0.06,0.08,2.91,0.23,21.8,2.58,64.13,0.57,0.49,19.4,383.4,28.8,254.4,0.12,0.02,0.03,0.96,0.77,1.21,2.14,2.42,0.78,0.28,1.03,0.29,0.89,1.15,1.36,12.32,1,0,0.15,0.44,Q20,,"Lean fish, average of various species consumed in Indonesia and of different cooking methods",Indonesia,0,0
Fatty fish,Animal-source foods,Fish and seafood,N/A,200,2.93,0.13,3.54,2.92,6.46,2.16,18.5,1.45,9.3,2.13,0.13,0.27,9.69,0.46,17,2.93,71.35,1.61,1.12,37.75,449.25,36,209,0.57,0.36,0.09,0.19,0.75,1.18,2.08,2.35,0.76,0.27,1,0.29,0.86,1.12,1.32,11.96,1,0,0.15,0.44,Q20,,"Oily fish, average of various species consumed in Indonesia and of different cooking methods",Indonesia,0,0
Crustaceans,Animal-source foods,Fish and seafood,N/A,131,3.04,0.08,1.19,1.38,2.56,0.67,44.33,2.1,0.08,2.24,0.06,0.09,2.94,0.18,30.83,3.56,96.85,1.07,3.07,67.17,181.83,39.5,508.83,0.11,0.17,0.01,0.01,0.48,1.06,1.81,1.98,0.63,0.26,0.95,0.3,0.8,0.91,1.06,10.23,1,0,0.15,0.44,Q20,,"Crustaceans, average of various species consumed in Indonesia, and of different cooking methods",Indonesia,0,0
Bivalves,Animal-source foods,Fish and seafood,N/A,162,8.58,0.14,1.83,2.12,3.95,0.99,71.57,6.93,0,1.23,0.13,0.22,2.12,0.08,34,24.05,76.48,3.76,10.27,37.43,282,28.86,522.29,0.21,0.23,0.03,0.39,0.41,0.92,1.51,1.59,0.51,0.27,0.76,0.23,0.67,0.89,0.91,8.67,1,0,0.15,0.44,Q20,,"Bivalve mollusks, average of various species consumed in Indonesia, and of different cooking methods",Indonesia,0,0
Whole milk powder,Animal-source foods,Milk,173454,496,38.42,0,7.92,0.67,8.59,16.74,258,8.6,0.5,0.58,0.28,1.21,0.65,0.3,37,3.25,117.4,0.47,3.34,912,1330,85,371,0,0,0,0.65,0.71,1.59,2.58,2.09,0.66,0.24,1.27,0.37,1.27,1.19,1.76,13.74,1.16,0,0.15,0.44,Q25,,"Milk (cow), dry, whole, without added vitamin D",Indonesia,1,1
Whole cow milk,Animal-source foods,Milk,172217,61,4.78,0,0.81,0.2,1.01,1.87,46,0,0.1,0.07,0.05,0.17,0.09,0.04,5,0.45,14.3,0.03,0.37,113,132,10,43,0,0,0,0.08,0.1,0.16,0.3,0.26,0.08,0.02,0.16,0.04,0.16,0.13,0.21,1.63,1.16,0,0.15,0.44,Q25,,"Milk (cow), whole, 3.25% milkfat, without added vitamin A and vitamin D",Indonesia,1,0
Whole sheep milk,Animal-source foods,Milk,N/A,89,4.91,0,1.42,0.23,1.65,3.64,50.5,2.75,1.3,0.07,0.06,0.25,0.35,0.05,4,0.39,16,0.08,0.42,163.5,170.5,16,47,0,0,0,0.08,0.17,0.34,0.59,0.51,0.16,0.04,0.28,0.08,0.28,0.27,0.45,3.16,1.17,0,0.15,0.44,Q25,,"Milk, sheep/goat, fluid, whole, unenriched",Indonesia,1,0
Mango,Fruits,Vitamin A-rich fruits,169910,60,14.98,1.6,0.14,0.07,0.21,0.09,54,36.4,0,0.9,0.03,0.04,0.67,0.12,43,0,7.6,0.16,0.09,11,168,10,1,0,0,0,0.11,0.02,0.03,0.05,0.07,0.01,0,0.03,0.01,0.02,0.03,0.04,0.3,0.7,25,0.1,0.44,Q8,,"Mangos, raw",Bangladesh,0,0
Papaya,Fruits,Vitamin A-rich fruits,169926,43,10.82,1.7,0.07,0.06,0.13,0.08,47,60.9,0,0.3,0.02,0.03,0.36,0.04,37,0,6.1,0.25,0.08,20,182,21,8,0,0,0,0.11,0.01,0.01,0.02,0.03,0,0,0.01,0.01,0.01,0.01,0.01,0.1,0.7,22.8,0.1,0.44,Q8,,"Papayas, raw",Bangladesh,0,0
Cantaloupe,Fruits,Vitamin A-rich fruits,169092,34,8.16,0.9,0,0.08,0.08,0.05,169,36.7,0,0.05,0.04,0.02,0.73,0.07,21,0,7.6,0.21,0.18,9,267,12,16,0,0,0,0.11,0.02,0.02,0.03,0.03,0.01,0,0.02,0,0.01,0.02,0.03,0.2,0.7,20,0.1,0.44,Q8,,"Melons, cantaloupe, raw",Bangladesh,0,0
Orange,Fruits,Citrus,169097,47,11.8,2.4,0.02,0.03,0.05,0.02,11,53.2,0,0.18,0.09,0.04,0.28,0.06,30,0,8.4,0.1,0.07,40,181,10,0,0,0,0,0.11,0.02,0.03,0.02,0.05,0.02,0.01,0.03,0.01,0.02,0.02,0.04,0.25,0.7,10,0.1,0.44,Q9,,"Oranges, raw, all commercial varieties",Bangladesh,0,0
Malta orange,Fruits,Citrus,08_0032 from BGD FCT,49,10.7,2.4,0.02,0.02,0.04,0.01,11,54,0,0.18,0.15,0.01,0.4,0.08,46,0,8.05,0.1,0.07,31,181,10,2,0,0,0,0.11,0.01,0.02,0.02,0.03,0.01,0.01,0.03,0.01,0.01,0.01,0.03,0.19,0.7,10,0.1,0.44,Q9,Phytate value for sweet orange missing; used phytate value for orange as a proxy,"Orange, sweet, ripe, raw (malta)",Bangladesh,0,0
Grapefruit,Fruits,Citrus,173033,32,8.08,1.1,0.01,0.02,0.04,0.01,46,34.4,0,0.13,0.04,0.02,0.25,0.04,10,0,7.7,0.09,0.07,12,139,8,0,0,0,0,0.11,0.01,0.01,0.01,0.02,0.01,0.01,0.04,0.01,0.01,0.01,0.01,0.13,0.7,20.36,0.1,0.44,Q9,Phytate value for grapefruit missing; used phytate value for pomelo as a proxy,"Grapefruit, raw, pink and red and white, all areas",Bangladesh,0,0
Banana,Fruits,Other fruits,173944,89,22.8,2.6,0.03,0.07,0.11,0.11,3,8.7,0,0.1,0.03,0.07,0.67,0.37,20,0,9.8,0.26,0.15,5,358,27,1,0,0,0,0.05,0.08,0.03,0.07,0.05,0.01,0.01,0.05,0.01,0.01,0.03,0.05,0.38,0.7,22,0.1,0.44,Q10.1,,"Bananas, raw",Bangladesh,0,0
Guava,Fruits,Other fruits,173044,68,14.3,5.4,0.09,0.4,0.49,0.27,31,228.3,0,0.73,0.07,0.04,1.08,0.11,49,0,7.6,0.26,0.23,18,417,22,2,0,0,0,0.06,0.02,0.09,0.17,0.07,0.02,0.01,0.01,0.02,0.03,0.1,0.09,0.62,0.7,50.63,0.1,0.44,Q10.1,For phytate: used an average of pink and white flesh guava,"Guavas, common, raw",Bangladesh,0,0
Watermelon,Fruits,Other fruits,167765,127,7.55,0.4,0.04,0.05,0.09,0.02,28,8.1,0,0.05,0.03,0.02,0.18,0.05,3,0,4.1,0.24,0.1,7,112,10,1,0,0,0,0.06,0.01,0.02,0.02,0.06,0.01,0,0.02,0.01,0.01,0.03,0.02,0.19,0.7,3.9,0.1,0.44,Q10.1,,"Watermelon, raw",Bangladesh,0,0
Pineapple,Fruits,Other fruits,169124,50,13.1,1.4,0.01,0.04,0.05,0.01,3,47.8,0,0.02,0.08,0.03,0.5,0.11,18,0,5.5,0.29,0.12,13,109,12,1,0,0,0,0.06,0.01,0.02,0.02,0.03,0.01,0.01,0.02,0.01,0.02,0.02,0.02,0.19,0.7,8.59,0.1,0.44,Q10.1,,"Pineapple, raw, all varieties",Bangladesh,0,0
Custard apple,Fruits,Other fruits, 171725,101,25.2,2.4,0.06,0.12,0.17,0.23,2,19.2,0,0.24,0.08,0.1,0.5,0.22,19.5,0,6.08,0.71,0.13,30,382,18,4,0,0,0,0.06,0.03,0.04,0.07,0.04,0,0.01,0.02,0.01,0.03,0.04,0.05,0.33,0.7,15.22,0.1,0.44,Q10.1,,"Custard-apple, (bullock's-heart), raw",Bangladesh,0,0
Apple,Fruits,Other fruits,171688,52,13.8,2.4,0.01,0.05,0.06,0.03,3,4.6,0,0.18,0.02,0.03,0.09,0.04,3,0,3.4,0.12,0.04,6,107,5,1,0,0,0,0.06,0.01,0.01,0.01,0.01,0,0,0.01,0,0,0.01,0.01,0.06,0.7,0.51,0.1,0.44,Q10.1,For phytate: used an average of big and small apple,"Apples, raw, with skin ",Bangladesh,0,0
Jackfruit,Fruits,Other fruits,174687,95,23.2,1.5,0.16,0.09,0.25,0.2,5,13.7,0,0.34,0.11,0.06,0.92,0.33,24,0,6.08,0.23,0.13,24,448,29,2,0,0,0,0.08,0.03,0.07,0.1,0.07,0.03,0.02,0.05,0.03,0.1,0.09,0.09,0.69,0.7,68.79,0.1,0.35,Q10.1,,"Jackfruit, raw",Bangladesh,0,0
Rose apple,Fruits,Other fruits,168171,25,5.7,1.9,0.08,0.16,0.23,0.06,17,22.3,0,0.11,0.02,0.03,0.8,0.06,13,0,7.35,0.07,0.06,29,123,5,0,0,0,0,0.2,0.01,0.04,0.08,0.06,0.02,0.01,0.04,0.01,0.04,0.04,0.05,0.4,0.7,0.51,0.1,0.44,Q10.2,Phytate value for rose-apple missing; used phytate value for apple as a proxy,"Rose-apples, raw (jamrul)",Bangladesh,0,0
Starfruit,Fruits,Other fruits,171715,31,6.73,2.8,0.03,0.18,0.21,0.02,3,34.4,0,0.15,0.01,0.02,0.37,0.02,12,0,7.6,0.08,0.12,3,133,10,2,0,0,0,0.2,0.01,0.04,0.08,0.08,0.02,0.01,0.04,0.01,0.04,0.04,0.05,0.42,0.7,3.8,0.1,0.44,Q10.2,,"Carambola, raw (starfruit)",Bangladesh,0,0
Jujube,Fruits,Other fruits,168151,79,20.23,1.9,0.08,0.16,0.23,0.06,2,69,0,0.11,0.02,0.04,0.9,0.08,13,0,7.35,0.48,0.05,21,250,10,3,0,0,0,0.2,0.01,0.04,0.08,0.06,0.02,0.01,0.04,0.01,0.04,0.04,0.05,0.4,0.7,15.8,0.1,0.44,Q10.2,,"Jujube, raw",Bangladesh,0,0
Java plum (jambolan),Fruits,Other fruits,168150,60,15.56,1.9,0.08,0.16,0.23,0.06,0,14.3,0,0.11,0.01,0.01,0.26,0.04,13,0,7.35,0.19,0.09,19,79,15,14,0,0,0,0.2,0.01,0.04,0.08,0.06,0.02,0.01,0.04,0.01,0.04,0.04,0.05,0.4,0.7,8,0.1,0.44,Q10.2,,"Java-plum, raw (jambolan)",Bangladesh,0,0
Hog plum (amra),Fruits,Other fruits,08_0016 from BGD FCT,51,8.9,1.6,0.08,0.16,0.23,0.06,4.4,77,0,0.11,0.28,0.04,0.3,0.06,13,0,7.35,2.8,0.17,57,175,40,1,0,0,0,0.2,0.01,0.04,0.08,0.06,0.02,0.01,0.04,0.01,0.04,0.04,0.05,0.39,0.7,3.81,0.1,0.44,Q10.2,Phytate value for hog plum missing; used phytate value for plum as a proxy,"Hog plum, raw (amra)",Bangladesh,0,0
Lychee,Fruits,Other fruits,169086,66,16.53,1.3,0.12,0.13,0.25,0.1,0,71.5,0,0.07,0.01,0.07,0.6,0.1,14,0,7.1,0.31,0.07,5,171,10,1,0,0,0,0.2,0.01,0.04,0.08,0.04,0.01,0.01,0.04,0.01,0.04,0.04,0.05,0.37,0.7,2.57,0.1,0.44,Q10.2,,"Litchis, raw",Bangladesh,0,0
White rice,Starchy staples,Refined grains,N/A,130,28.5,0.4,0.07,0.06,0.13,0.06,0,0,0,0.04,0.02,0.02,0.4,0.07,2.33,0,2.1,0.2,0.44,4.67,30,11,0.33,0,0,0,0.01,0.06,0.11,0.2,0.09,0.06,0.05,0.13,0.03,0.08,0.09,0.15,1.05,0.56,45.7,0.1,0.44,Q1,,"White rice, cooked, unenriched, average of long-, medium-, and short-grain",Bangladesh,0,0
Paratha,Starchy staples,Refined grains,2343195,326,45.35,9.6,3.84,2.48,6.32,5.83,2,0,0,1.35,0.09,0.08,1.83,0.08,8,0,6.3,1.61,0.82,25,139,37,452,0,0,0,0.01,0.06,0.11,0.2,0.09,0.06,0.05,0.13,0.03,0.08,0.09,0.15,0.9,0.29,249.46,0.1,0.26,Q1,"Used phytate value for flat bread, white wheat-flour","Bread, paratha",Bangladesh,0,0
Brown rice,Starchy staples,Whole grains,N/A,118,24.55,1.7,0.33,0.33,0.67,0.21,0,0,0,0.17,0.14,0.04,1.95,0.14,6.5,0,9.2,0.55,0.67,6.5,82.5,41.5,2.5,0,0,0,0.01,0.06,0.1,0.2,0.09,0.06,0.03,0.13,0.03,0.09,0.09,0.14,1.03,0.56,612.16,0.1,0.26,Q2,,"Brown rice, cooked, unenriched, average of long- and medium-grain",Bangladesh,0,0
Chapati (roti),Starchy staples,Whole grains,2343193,299,46.13,9.7,2.09,0.76,2.85,3.31,0,0,0,0.55,0.36,0.18,4.61,0.28,38,0,7.8,2.2,1.54,36,196,56,298,0,0,0,0.01,0.17,0.22,0.67,0.19,0.12,0.1,0.29,0.05,0.23,0.22,0.31,2.57,0.29,249.46,0.1,0.26,Q2,"Used phytate value for flat bread, white wheat-flour","Bread, chappatti or roti",Bangladesh,0,0
Corn,Starchy staples,Whole grains,N/A,97,21.35,2.55,0.37,0.6,0.98,0.2,6.5,5.85,0,0.09,0.09,0.06,1.67,0.13,21.5,0,29.1,0.5,0.58,2.5,235,28.5,2,0,0,0,0.01,0.09,0.13,0.36,0.14,0.07,0.03,0.16,0.02,0.13,0.13,0.19,1.45,0.42,196,0.1,0.26,Q2,,"Corn, boiled, average of sweet white and yellow varieties",Bangladesh,0,0
Unsalted popcorn,Starchy staples,Whole grains,170246,382,77.9,15.1,1.1,1.9,3,0.57,1,0,0,0.27,0.2,0.28,1.94,0.25,23,0,15.37,2.66,3.44,10,301,131,4,0,0,0,0.01,0.37,0.43,1.47,0.34,0.25,0.22,0.59,0.09,0.49,0.45,0.61,5.3,0.42,39,0.1,0.44,Q2,,"Snacks, popcorn, air-popped (Unsalted)",Bangladesh,0,0
Sweet potato,Starchy staples,"White roots, tubers, and plantains",N/A,110,19.06,2.93,1.22,1.29,2.51,0.46,872.67,16.73,0,1.25,0.09,0.08,1.12,0.24,5.67,0,11.93,0.68,0.27,33.33,378.33,23,78.67,0,0,0,0,0.03,0.06,0.1,0.07,0.03,0.02,0.1,0.03,0.04,0.09,0.09,0.67,1.25,10.33,0.1,0.44,Q3,,"Sweet potato, cooked, average of boiled, baked and fried",Bangladesh,0,0
Potato,Starchy staples,"White roots, tubers, and plantains",N/A,107,20.7,1.86,0.75,0.8,1.55,0.28,0.43,11,0,0.34,0.08,0.03,1.38,0.3,18.29,0,14.19,0.7,0.32,9.86,451.57,25.57,92.43,0,0,0,0.04,0.04,0.08,0.12,0.12,0.03,0.03,0.09,0.03,0.07,0.07,0.11,0.79,1.25,47.61,0.1,0.44,Q3,,"Potato, cooked, average of skin eaten and not eaten and of boiled, baked, fried, and roasted",Bangladesh,0,0
Plaintain,Starchy staples,"White roots, tubers, and plantains",N/A,195,39.9,2.77,1.46,0.93,2.38,1.25,52.5,9.63,0,0,0.06,0.1,0.63,0.23,53,0,12.7,0.42,0.19,3.33,416,42.33,2,0,0,0,0.08,0.09,0.03,0.06,0.06,0.01,0.02,0.04,0.02,0.03,0.04,0.03,0.43,0.71,11.48,0.1,0.44,Q3,,"Plaintains, average of green and yellow and of boiled, baked, and frie",Bangladesh,0,0
Dal,"Pulses, nuts, and seeds",Legumes,2342902,145,19.17,7.5,1.2,0.31,1.51,2.51,33,1.4,0,0.22,0.16,0.07,1.01,0.17,172,0,32,3.17,1.21,19,352,34,309,0,0,0,0.1,0.24,0.38,0.63,0.59,0.12,0.12,0.48,0.09,0.22,0.33,0.37,3.56,0.5,388.8,0.1,0.26,Q4,"Used average phytate value for bengal, black, green, and red gram, and for lentils",Dal,Bangladesh,0,0
Chickpeas,"Pulses, nuts, and seeds",Legumes,173757,164,27.42,7.6,0.58,1.16,1.74,0.27,1,1.3,0,0.35,0.12,0.06,0.53,0.14,172,0,42.8,2.89,1.53,49,291,48,7,0,0,0,0.1,0.24,0.38,0.63,0.59,0.12,0.12,0.48,0.09,0.22,0.33,0.37,3.56,0.76,76.93,0.1,0.35,Q4,,"Chickpeas (garbanzo beans, bengal gram), mature seeds, cooked, boiled, without salt",Bangladesh,0,0
Jackfruit seeds,"Pulses, nuts, and seeds",Nuts and seeds,06_0008 from BGD FCT,151,30.4,1.5,25.53,13.54,39.07,7.56,0,8.6,0,6.72,0.21,0.11,3.1,0.43,152.33,0,57.37,1.5,3.11,40,246,54,63,0,0,0,0.03,0.64,0.91,1.67,0.91,0.3,0.34,1.34,0.24,1.01,0.77,1.07,9.19,0.67,141,0.1,0.3,Q21,,"Jackfruit seeds, raw",Bangladesh,0,0
Peanuts,"Pulses, nuts, and seeds",Nuts and seeds,N/A,584,17.55,8.77,25.53,13.54,39.07,7.56,0,0.27,0,6.72,0.29,0.14,13.42,0.43,152.33,0,57.37,2.56,3.11,70.33,688.33,174,10,0,0,0,0.03,0.64,0.91,1.67,0.91,0.3,0.34,1.34,0.24,1.01,0.77,1.07,9.19,0.43,1497.5,0.1,0.26,Q21,,"Peanuts, average of raw, dry-roasted and oil-roasted",Bangladesh,0,0
Carrots,Vegetables,Vitamin A-rich orange vegetables,N/A,38,8.9,2.9,0.01,0.1,0.1,0.03,843.5,4.75,0,0.85,0.07,0.05,0.81,0.15,16.5,0,8.8,0.32,0.22,31.5,277.5,11,63.5,0,0,0,0,0.04,0.07,0.09,0.09,0.02,0.08,0.06,0.01,0.04,0.17,0.06,0.73,0.8,88.2,0.1,0.35,Q5,,"Carrots, average of raw and cooked (boiled)",Bangladesh,0,0
Pumpkin,Vegetables,Vitamin A-rich orange vegetables,N/A,23,5.7,0.8,0.01,0,0.02,0.04,357,6.85,0,0.93,0.04,0.09,0.51,0.05,12.5,0,7.2,0.69,0.28,18,285,10.5,1,0,0,0,0,0.01,0.03,0.04,0.05,0.01,0,0.03,0.01,0.04,0.03,0.03,0.27,0.8,19.72,0.1,0.44,Q5,,"Pumpkin, average of raw and cooked (boiled)",Bangladesh,0,0
Malabar spinach,Vegetables,Dark green leafy vegetables,N/A,21,3.06,2.1,0.03,0.13,0.16,0.06,229,53.95,0,2.06,0.08,0.14,0.64,0.16,127,0,19.5,1.34,0.37,116.5,383,56.5,39.5,0,0,0,0.14,0.04,0.05,0.1,0.09,0.02,0.03,0.09,0.03,0.05,0.06,0.07,0.61,0.8,22.3,0.1,0.44,Q6.1,,"Malabar/Vine spinach (pui shak), average of raw and cooked (boiled) ",Bangladesh,0,0
Spinach,Vegetables,Dark green leafy vegetables,N/A,23,3.69,2.3,0.01,0.14,0.15,0.05,496.5,18.95,0,2.06,0.09,0.21,0.61,0.22,170,0,19.5,3.14,0.65,117.5,512,83,74.5,0,0,0,0.14,0.07,0.15,0.23,0.18,0.05,0.04,0.13,0.04,0.11,0.12,0.16,1.28,0.8,12.01,0.1,0.44,Q6.1,,"Spinach, average of raw and cooked (boiled)",Bangladesh,0,0
Red amaranth leaves,Vegetables,Dark green leafy vegetables,N/A,35,0.55,4.6,0.03,0.13,0.16,0.06,817.5,30.9,0,2.06,0.03,0.12,1.4,0.17,67.5,0,19.5,5.65,0.91,271.5,207.5,155,56,0,0,0,0.14,0.05,0.1,0.17,0.13,0.04,0.03,0.11,0.03,0.08,0.09,0.12,0.95,0.8,10,0.1,0.44,Q6.1,,"Red amaranth leaves (lal shak), average of raw and cooked (boiled)",Bangladesh,0,0
Amaranth leaves,Vegetables,Dark green leafy vegetables,N/A,22,4.07,3,0.06,0.11,0.17,0.07,142.5,42.2,0,2.06,0.02,0.15,0.61,0.18,71,0,19.5,2.29,0.89,212,626,55,20.5,0,0,0,0.14,0.05,0.11,0.18,0.12,0.03,0.03,0.12,0.03,0.07,0.09,0.13,0.96,0.8,17.7,0.1,0.44,Q6.1,,"Amaranth leaves, average of raw and cooked (boiled)",Bangladesh,0,0
Eggplant,Vegetables,Other vegetables,N/A,127,15.53,2.25,2.5,2.58,5.08,0.93,3.5,1.05,0.05,1.26,0.17,0.08,1.3,0.07,43,0.02,11.9,0.93,0.22,17,129,12.5,158,0,0,0,0.07,0.02,0.04,0.05,0.04,0.01,0,0.04,0.01,0.02,0.03,0.04,0.3,0.8,12.28,0.1,0.44,Q7.1,,"Eggplant, average of boiled and fried",Bangladesh,0,0
Okra,Vegetables,Other vegetables,N/A,121,13.44,2.05,2.51,2.55,5.06,0.93,12,9.95,0.05,1.19,0.2,0.11,1.43,0.11,74,0.02,12.25,1,0.44,64.5,123,29.5,161,0,0,0,0.07,0.03,0.07,0.1,0.08,0.02,0.02,0.06,0.02,0.08,0.06,0.09,0.61,0.8,13,0.1,0.44,Q7.1,,"Okra (lady finger), average of boiled and fried",Bangladesh,0,0
Cauliflower,Vegetables,Other vegetables,N/A,121,13.01,1.95,2.51,2.63,5.14,0.96,3,30.2,0.05,1.04,0.15,0.1,1.17,0.13,64,0.02,34.1,1,0.27,24.5,150.5,11.5,170.5,0,0,0,0.07,0.04,0.07,0.11,0.1,0.03,0.02,0.07,0.02,0.04,0.07,0.09,0.65,0.8,18.48,0.1,0.44,Q7.1,,"Cauliflower, average of boiled and fried",Bangladesh,0,0
Tomatoes,Vegetables,Other vegetables,N/A,19,4,0.93,0.03,0.08,0.11,0.03,24.5,17.23,0,0.49,0.04,0.03,0.7,0.07,16.75,0,7.4,0.49,0.17,11.25,229.25,10.5,13,0,0,0,0.07,0.02,0.02,0.04,0.04,0.01,0.01,0.03,0.01,0.02,0.03,0.03,0.24,0.8,1.74,0.1,0.44,Q7.1,,"Tomatoes, average of red, yellow and green, and of raw and cooked",Bangladesh,0,0
Long bean,Vegetables,Other vegetables,169223,47,9.18,2.03,0.01,0.04,0.05,0.03,23,16.2,0,0.76,0.09,0.1,0.63,0.02,45,0,15.9,0.98,0.36,44,290,42,4,0,0,0,0.07,0.08,0.14,0.18,0.17,0.04,0.04,0.14,0.03,0.1,0.09,0.15,1.15,0.8,688,0.1,0.26,Q7.1,"Used phytate for winged bean as as a proxy, as value for long bean was missing","Yardlong bean (long bean), cooked, boiled, drained, without salt",Bangladesh,0,0
Green beans,Vegetables,Other vegetables,169141,35,7.88,3.2,0.01,0.15,0.16,0.06,32,9.7,0,0.46,0.07,0.1,0.61,0.06,33,0,16.9,0.65,0.25,44,146,18,1,0,0,0,0.07,0.04,0.07,0.12,0.09,0.02,0.02,0.07,0.02,0.04,0.08,0.09,0.66,0.8,688,0.1,0.26,Q7.1,"Used phytate for winged bean as as a proxy, as value for green bean was missing","Beans, snap, green, cooked, boiled, drained, without salt",Bangladesh,0,0
Cabbage,Vegetables,Other vegetables,N/A,20,4.24,1.83,0.02,0.04,0.06,0.03,18.25,29.23,0,0.14,0.05,0.04,0.35,0.16,51.25,0,12.87,0.31,0.2,49.25,207.25,12.5,11,0,0,0,0.07,0.02,0.05,0.06,0.06,0.01,0.01,0.04,0.01,0.02,0.04,0.05,0.38,0.8,11.21,0.1,0.44,Q7.1,,"Cabbage, average of common and Chinese (pe-tsai), and of raw and cooked",Bangladesh,0,0
Calabash,Vegetables,Other vegetables,169233,15,3.69,1.2,0,0.01,0.01,0,4,8.5,0,0.11,0.03,0.02,0.39,0.04,4,0,7.85,0.25,0.7,24,170,11,2,0,0,0,0.07,0,0.03,0.04,0.02,0,0.03,0.01,0,0.05,0.02,0.03,0.24,0.8,11.83,0.1,0.44,Q7.2,Used phytate for raw bottled gourd as phytate value for cooked was missing,"Gourd, white-flowered (calabash or bottle gourd), cooked, boiled, drained, without salt",Bangladesh,0,0
Bitter melon,Vegetables,Other vegetables,168394,19,4.32,2,0.03,0.08,0.11,0.01,6,33,0,0.14,0.05,0.05,0.28,0.04,51,0,10.8,0.38,0.77,9,319,16,6,0,0,0,0.07,0,0.03,0.04,0.02,0,0.03,0.01,0,0.05,0.02,0.03,0.23,0.8,13.84,0.1,0.44,Q7.2,Used phytate for raw bitter gourd as phytate value for cooked was missing,"Balsam-pear (bitter gourd or bitter melon), pods, cooked, boiled, drained, without salt",Bangladesh,0,0
Pointed gourd,Vegetables,Other vegetables,03_0038 from BGD FCT,28,2.5,2.5,0.02,0.06,0.08,0.01,6,13.5,0,0.11,0.13,0.03,0.6,0.03,10,0,7.85,1.7,0.39,20,115,15,26,0,0,0,0.07,0,0.03,0.04,0.02,0,0.03,0.01,0,0.05,0.02,0.03,0.23,0.8,29.19,0.1,0.44,Q7.2,Used phytate for raw pointed gourd as value for cooked was missing,"Gourd, pointed, boiled (without salt)",Bangladesh,0,0
Ash gourd,Vegetables,Other vegetables,N/A,14,3.02,1.95,0.04,0.09,0.12,0.02,0,11.75,0,0.08,0.04,0.06,0.39,0.03,4.5,0,4.9,0.39,0.6,18.5,5.5,10,109,0,0,0,0.07,0,0.03,0.04,0.01,0,0.03,0.01,0,0.05,0.02,0.03,0.22,0.8,14.6,0.1,0.44,Q7.2,,"Ash gourd, average of raw and cooked",Bangladesh,0,0
Kohlrabi,Vegetables,Other vegetables,N/A,28,6.45,2.35,0.01,0.05,0.06,0.01,2,58,0,0.5,0.05,0.02,0.4,0.15,14,0,12.75,0.4,0.17,24.5,345,19,20.5,0,0,0,0.07,0.02,0.08,0.07,0.06,0.01,0.01,0.04,0.01,0.02,0.05,0.05,0.42,0.8,9.81,0.1,0.44,Q7.3,,"Kohlrabi, average of raw and cooked (boiled)",Bangladesh,0,0
Taro shoots,Vegetables,Other vegetables,169309,14,3.2,1.81,0.01,0.03,0.04,0.02,3,18.9,0,0.25,0.04,0.05,0.81,0.11,3,0,9.9,0.41,0.54,14,344,8,2,0,0,0,0.07,0.02,0.03,0.04,0.04,0.01,0.01,0.03,0,0.02,0.03,0.04,0.26,0.8,26.49,0.1,0.44,Q7.3,Used phytate for raw taro shoots as phytate value for cooked was missing,"Taro shoots, cooked, without salt",Bangladesh,0,0
Green papaya,Vegetables,Other vegetables,N/A,31,5.9,1.55,0.01,0.05,0.06,0.02,1,15.4,0,0.25,0.03,0.02,0.15,0.11,12.22,0,9.9,0.6,0.21,16,111.5,52,7.5,0,0,0,0.07,0.02,0.03,0.04,0.04,0.01,0.01,0.03,0,0.02,0.03,0.04,0.26,0.8,23,0.1,0.44,Q7.3,,"Green papaya, average of raw and cooked (boiled)",Bangladesh,0,0
Radish,Vegetables,Other vegetables,N/A,16,3.39,1.53,0.02,0.07,0.09,0.04,0,22.03,0,0,0.02,0.02,0.22,0.05,19.67,0,7.05,0.45,0.14,23.67,264,11.33,16.67,0,0,0,0.07,0.02,0.03,0.04,0.04,0.01,0.01,0.03,0,0.02,0.03,0.04,0.26,0.8,1.75,0.1,0.44,Q7.3,,"Radish, average of oriental and icicle white radish, and of raw and cooked (boiled)",Bangladesh,0,0
Egg,Animal-source foods,Eggs,N/A,164,1.05,0,4.89,2.45,7.34,3.56,175.25,0,1.98,1.2,0.05,0.44,0.07,0.15,42.5,0.9,269.88,1.47,1.14,56.5,131.75,11.25,157.75,0.05,0,0,0.35,0.28,0.63,1.01,0.84,0.35,0.26,0.63,0.15,0.47,0.53,0.77,5.92,1.1,0,0.15,0.44,Q13,,"Egg, average of various cooking methods (omelet, scrambled, boiled, fried)",Bangladesh,0,0
Full-fat cheese,Animal-source foods,Cheese,N/A,363,2.8,0,7.81,0.73,8.54,16.31,222,0,0.5,0.34,0.03,0.34,0.12,0.07,15.5,1.53,15.68,0.41,3.3,774.75,91.25,30,783.25,0,0,0,0.11,0.87,1.39,2.45,1.99,0.68,0.18,1.36,0.47,1.4,1.07,1.75,13.6,1.16,0,0.15,0.44,Q14,,"Cheese (high-fat), average of multiple varieties of soft and hard cheeses",Bangladesh,0,0
Low-fat cottage cheese,Animal-source foods,Cheese,2341152,143,3.18,0,2.39,0.33,2.72,5.2,83,0,0.1,0.24,0.03,0.15,0.09,0.04,11,0.41,18.6,0.07,0.38,78,98,8,297,0,0,0,0.11,0.87,1.39,2.45,1.99,0.68,0.18,1.36,0.47,1.4,1.07,1.75,13.6,1.16,0,0.15,0.44,Q14,,"Cottage cheese, farmer's (low-fat)",Bangladesh,1,0
Paneer,Animal-source foods,Cheese,2341143,299,22.46,0,3.34,0.52,3.86,9.02,155,0,5.3,0.24,0.27,0.67,0.51,0.3,0,2.62,86.3,0,2.04,597,728,58,185,0,0.01,0.01,0.11,0.87,1.39,2.45,1.99,0.68,0.18,1.36,0.47,1.4,1.07,1.75,13.6,1.16,0,0.15,0.44,Q14,,"Cheese, paneer",Bangladesh,0,0
Plain whole yogurt,Animal-source foods,Yogurt,171284,61,4.66,0,0.89,0.09,0.99,2.1,27,0.5,0.1,0.06,0.03,0.14,0.08,0.03,7,0.37,15.2,0.05,0.59,121,155,12,46,0,0,0,0.1,0.09,0.19,0.35,0.31,0.1,0.03,0.19,0.02,0.18,0.14,0.29,1.88,1.16,0,0.15,0.44,Q15,,"Yogurt, plain, whole milk",Bangladesh,1,0
Beef,Animal-source foods,Unprocessed red meat (ruminant),N/A,265,0,0,7.38,0.62,8.01,6.47,1.67,0,0.2,0.2,0.07,0.21,4.84,0.37,8.14,2.61,90.42,2.5,5.91,11.29,336.57,22.57,66.71,0,0,0.01,0.01,0.9,1.23,2.16,2.31,0.7,0.29,1.06,0.25,0.9,1.15,1.32,12.28,1.12,0,0.2,0.44,Q17,,"Beef, average of various cuts, deegrees of fat, and cooking methods",Bangladesh,0,0
Goat,Animal-source foods,Unprocessed red meat (ruminant),175304,143,0,0,1.36,0.23,1.59,0.93,0,0,0,0.34,0.09,0.61,3.95,0,5,1.19,106.4,3.73,5.27,17,405,0,86,0,0,0,0.01,0.57,1.37,2.26,2.02,0.73,0.32,0.94,0.4,0.83,1.29,1.45,12.18,1.12,0,0.2,0.44,Q17,No other cooking methods available,"Game meat, goat, cooked, roasted",Bangladesh,0,0
Dove,Animal-source foods,Poultry,169905,213,0,0,5.46,2.73,8.2,3.74,28,2.9,0.2,0.06,0.28,0.35,7.6,0.57,6,0.41,63.6,5.91,3.83,17,256,26,57,0.02,0.01,0.04,0.03,0.66,1.12,1.87,1.88,0.6,0.34,0.99,0.26,0.82,0.98,1.22,10.73,1.08,0,0.15,0.44,Q19,No other cooking methods available,"Dove, cooked (includes pigeon)",Bangladesh,0,0
Chicken liver,Animal-source foods,Organ meat,N/A,170,0.99,0,1.4,1.63,3.03,2.05,4138.5,15.3,0,0.8,0.29,2.15,12.49,0.8,569,18.99,308.4,12.26,4,10.5,289,26,84,0,0,0,0.01,0.73,1.18,2.19,1.93,0.62,0.39,1.19,0.25,0.94,1.05,1.44,11.92,1.08,0,0.15,0.44,Q19,,"Chicken liver, average of various cooking methods",Bangladesh,0,0
Quail,Animal-source foods,Poultry,169902,227,0,0,4.89,3.49,8.38,3.96,70,2.3,0.2,0.7,0.22,0.3,7.92,0.62,6,0.36,65.9,4.43,3.1,15,216,22,52,0,0.01,0.04,0.03,0.66,1.12,1.87,1.88,0.6,0.34,0.99,0.26,0.82,0.98,1.22,10.73,1.08,0,0.15,0.44,Q19,No other cooking methods available,"Quail, cooked, total edible",Bangladesh,0,0
Duck,Animal-source foods,Poultry,N/A,291,0,0,9.86,2.92,12.78,7.74,49.67,0,0.1,0.7,0.2,0.34,4.9,0.2,7.33,0.33,55.1,2.69,2.1,11.33,219.33,17.33,169,0,0,0,0,0.46,0.87,1.47,1.49,0.48,0.3,0.75,0.23,0.64,0.77,0.94,8.39,1.08,0,0.15,0.44,Q19,,"Duck, average of with and without skin and of different cooking methods",Bangladesh,0,0
Chicken,Animal-source foods,Poultry,N/A,208,0.25,0,4.22,2.4,6.63,2.96,26.83,0,0.1,0.28,0.07,0.2,6.71,0.4,5,0.32,63.43,1.41,2.33,17.29,274,22,85.29,0.04,0.01,0.02,0.08,0.79,1.31,1.97,2.21,0.71,0.32,1.02,0.29,0.88,1.1,1.27,11.88,1.08,0,0.15,0.44,Q19,,"Chicken, average of various cuts, with and without skin, and of different cooking methods",Bangladesh,0,0
Lean fish,Animal-source foods,Fish and seafood,N/A,174,2.35,0.1,3.2,2.26,5.46,1.88,15,0.24,1.73,1.42,0.07,0.1,4.1,0.24,22.6,1.93,64.13,0.8,0.58,17.6,370.6,28,257.2,0.09,0.05,0.04,0.96,0.73,1.14,2.02,2.28,0.73,0.27,0.97,0.28,0.84,1.09,1.28,11.62,1,0,0.15,0.44,Q20,,"Lean fish, average of various species consumed in Bangladesh, and of different cooking methods",Bangladesh,0,0
Fatty fish,Animal-source foods,Fish and seafood,N/A,216,0,0,7,2.05,9.06,2.86,394,1.13,1.73,1.42,0.13,0.13,3.14,0.27,13.33,4.66,64.13,1.22,1.55,61.33,439.33,35,74.33,0.37,0.55,0.14,0.19,0.66,1.04,1.83,2.07,0.67,0.24,0.88,0.25,0.76,0.99,1.16,10.54,1,0,0.15,0.44,Q20,,"Oily fish, average of various species consumed in Bangladesh and of different cooking methods",Bangladesh,0,0
Dried fish,Animal-source foods,Fish and seafood,N/A,353,0,0,9.23,3.91,13.14,4.29,15,0,4.7,0.58,0.16,0.68,2,0.43,22,5.97,116.1,9.23,0.57,2069.67,1039.33,159.5,300.1,0.42,0.54,0.17,1.04,1.26,1.97,3.48,3.93,1.27,0.46,1.67,0.48,1.45,1.88,2.21,20.06,1,0,0.15,0.44,Q20,"For unsaturated and saturated fats, vitamin B12, choline, sodium, essential fatty acids and essential amino acids, used average values for fish after adjusting for the difference in energy density","Dried fish, average of various species consumed in Bangladesh",Bangladesh,0,1
Whole cow milk,Animal-source foods,Milk,172217,61,4.78,0,0.81,0.2,1.01,1.87,46,0,0.1,0.07,0.05,0.17,0.09,0.04,5,0.45,14.3,0.03,0.37,113,132,10,43,0,0,0,0.08,0.1,0.16,0.3,0.26,0.08,0.02,0.16,0.04,0.16,0.13,0.21,1.63,1.16,0,0.15,0.44,Q25,,"Milk (cow), whole, 3.25% milkfat, without added vitamin A and vitamin D",Bangladesh,1,0
Whole sheep milk,Animal-source foods,Milk,N/A,89,4.91,0,1.42,0.23,1.65,3.64,50.5,2.75,1.3,0.07,0.06,0.25,0.35,0.05,4,0.39,16,0.08,0.42,163.5,170.5,16,47,0,0,0,0.08,0.17,0.34,0.59,0.51,0.16,0.04,0.28,0.08,0.28,0.27,0.45,3.16,1.17,0,0.15,0.44,Q25,,"Milk, sheep/goat, fluid, whole, unenriched",Bangladesh,1,0
Mango,Fruits,Vitamin A-rich fruits,169910,60,14.98,1.6,0.14,0.07,0.21,0.09,54,36.4,0,0.9,0.03,0.04,0.67,0.12,43,0,7.6,0.16,0.09,11,168,10,1,0,0,0,0.12,0.02,0.03,0.05,0.07,0.01,0.02,0.03,0.01,0.02,0.03,0.04,0.3,0.7,25,0.1,0.44,Q8,,"Mangos, raw",Nigeria,0,0
Papaya,Fruits,Vitamin A-rich fruits,169926,43,10.82,1.7,0.07,0.06,0.13,0.08,47,60.9,0,0.3,0.02,0.03,0.36,0.04,37,0,6.1,0.25,0.08,20,182,21,8,0,0,0,0.12,0.01,0.01,0.02,0.03,0,0.02,0.01,0.01,0.01,0.01,0.01,0.1,0.7,22.8,0.1,0.44,Q8,,"Papayas, raw",Nigeria,0,0
Tangerine,Fruits,Citrus,169105,53,13.3,1.8,0.06,0.07,0.13,0.04,34,26.7,0,0.2,0.06,0.04,0.38,0.08,16,0,10.2,0.15,0.07,37,166,12,2,0,0,0,0.12,0.01,0.02,0.03,0.03,0,0,0.02,0,0.02,0.02,0.02,0.16,0.7,10,0.1,0.44,Q9,"Phytate value for mandarin missing, used orange as a proxy","Tangerines, (mandarin oranges), raw",Nigeria,0,0
Orange,Fruits,Citrus,169097,47,11.8,2.4,0.02,0.03,0.05,0.02,11,53.2,0,0.18,0.09,0.04,0.28,0.06,30,0,8.4,0.1,0.07,40,181,10,0,0,0,0,0.12,0.02,0.03,0.02,0.05,0.02,0.01,0.03,0.01,0.02,0.02,0.04,0.25,0.7,10,0.1,0.44,Q9,,"Oranges, raw, all commercial varieties",Nigeria,0,0
Grapefruit,Fruits,Citrus,173033,32,8.08,1.1,0.01,0.02,0.04,0.01,46,34.4,0,0.13,0.04,0.02,0.25,0.04,10,0,7.7,0.09,0.07,12,139,8,0,0,0,0,0.12,0.01,0.01,0.01,0.02,0.01,0.01,0.04,0.01,0.01,0.01,0.01,0.13,0.7,20.36,0.1,0.44,Q9,Phytate value for grapefruit missing; used phytate value for pomelo as a proxy,"Grapefruit, raw, pink and red and white, all areas",Nigeria,0,0
Banana,Fruits,Other fruits,173944,89,22.8,2.6,0.03,0.07,0.11,0.11,3,8.7,0,0.1,0.03,0.07,0.67,0.37,20,0,9.8,0.26,0.15,5,358,27,1,0,0,0,0.05,0.08,0.03,0.07,0.05,0.01,0.01,0.05,0.01,0.01,0.03,0.05,0.38,0.7,22,0.1,0.44,Q10.1,,"Bananas, raw",Nigeria,0,0
Guava,Fruits,Other fruits,173044,68,14.3,5.4,0.09,0.4,0.49,0.27,31,228.3,0,0.73,0.07,0.04,1.08,0.11,49,0,7.6,0.26,0.23,18,417,22,2,0,0,0,0.13,0.02,0.09,0.17,0.07,0.02,0,0.01,0.02,0.03,0.1,0.09,0.63,0.7,50.63,0.1,0.44,Q10.1,For phytate: used an average of pink and white flesh guava,"Guavas, common, raw",Nigeria,0,0
Watermelon,Fruits,Other fruits,167765,127,7.55,0.4,0.04,0.05,0.09,0.02,28,8.1,0,0.05,0.03,0.02,0.18,0.05,3,0,4.1,0.24,0.1,7,112,10,1,0,0,0,0.13,0.01,0.02,0.02,0.06,0.01,0,0.02,0.01,0.01,0.03,0.02,0.19,0.7,3.9,0.1,0.44,Q10.1,,"Watermelon, raw",Nigeria,0,0
Apple,Fruits,Other fruits,171688,52,13.8,2.4,0.01,0.05,0.06,0.03,3,4.6,0,0.18,0.02,0.03,0.09,0.04,3,0,3.4,0.12,0.04,6,107,5,1,0,0,0,0.2,0.01,0.01,0.01,0.01,0,0,0.01,0,0,0.01,0.01,0.06,0.7,0.51,0.1,0.44,Q10.1,For phytate: used an average of big and small apple,"Apples, raw, with skin ",Nigeria,0,0
Avocado,Fruits,Other fruits, 171705,160,8.53,6.7,9.8,1.82,11.62,2.13,7,10,0,2.07,0.07,0.13,1.74,0.26,81,0,14.2,0.55,0.64,12,485,29,7,0,0,0,0.11,0.05,0.08,0.14,0.13,0.04,0.03,0.1,0.03,0.05,0.07,0.11,0.82,0.7,11,0.1,0.44,Q10.2,,"Avocados, raw, all commercial varieties",Nigeria,0,0
Dates,Fruits,Other fruits,N/A,280,75,7.35,0.04,0.02,0.06,0.03,3.5,0.2,0,0.05,0.05,0.06,1.44,0.21,17,0,8.1,0.96,0.37,51.5,676,48.5,1.5,0,0,0,0.19,0.03,0.05,0.08,0.06,0.02,0.06,0.05,0.01,0.02,0.04,0.07,0.48,0.7,130,0.1,0.3,Q10.2,For phytate: used average value for dark brown and pale brown (no variety names mentioned),"Dates, dried, average of multiple varieties",Nigeria,0,1
Pineapple,Fruits,Other fruits,169124,50,13.1,1.4,0.01,0.04,0.05,0.01,3,47.8,0,0.02,0.08,0.03,0.5,0.11,18,0,5.5,0.29,0.12,13,109,12,1,0,0,0,0.11,0.01,0.02,0.02,0.03,0.01,0.01,0.02,0.01,0.02,0.02,0.02,0.19,0.7,8.59,0.1,0.44,Q10.2,,"Pineapple, raw, all varieties",Nigeria,0,0
Coconut,Fruits,Other fruits,170169,354,15.23,9,1.43,0.37,1.79,29.7,0,3.3,0,0.24,0.07,0.02,0.54,0.05,26,0,12.1,2.43,1.1,14,356,32,20,0,0,0,0.11,0.08,0.13,0.25,0.15,0.06,0.07,0.17,0.04,0.1,0.12,0.2,1.36,0.7,136,0.1,0.3,Q10.2,,"Nuts, coconut meat, raw",Nigeria,0,0
Bread (refined wheat flour),Starchy staples,Refined grains,174924,266,49.42,2.7,0.6,1.6,2.2,0.7,0,0,0,0.22,0.53,0.24,4.78,0.09,171,0,14.6,3.61,0.74,144,126,23,490,0,0,0,0.17,0.2,0.35,0.63,0.22,0.16,0.2,0.45,0.11,0.26,0.26,0.39,3.21,0.29,93,0.1,0.35,Q1,Used aee values for flat bread,"Bread, white, commercially prepared (includes soft bread crumbs)",Nigeria,0,0
Flat bread (refined wheat flour),Starchy staples,Refined grains,172816,275,55.7,2.2,0.11,0.54,0.64,0.17,0,0,0,0.22,0.27,0.1,2.14,0.03,24,0,14.6,1.4,0.84,86,120,26,536,0,0,0,0.17,0.2,0.35,0.63,0.22,0.16,0.2,0.45,0.11,0.26,0.26,0.39,3.21,0.29,75.04,0.1,0.35,Q1,"Used vit D and E, choline, DHA, EPA, DPA, and ALA values for bread ","Bread, pita, white, unenriched",Nigeria,0,0
Refined wheat pasta,Starchy staples,Refined grains,168928,158,30.86,1.8,0.13,0.33,0.46,0.18,0,0,0,0.06,0.02,0.02,0.4,0.05,7,0,6.4,0.5,0.51,7,44,18,1,0,0,0,0.02,0.13,0.23,0.44,0.13,0.07,0.11,0.3,0.08,0.11,0.21,0.26,2.07,0.29,164.74,0.1,0.26,Q1,"Used phytate value for cooked wheat-based noodles, as value for cooked pasta was unavailable","Pasta (refined), cooked, unenriched, without added salt",Nigeria,0,0
White rice (medium-grain),Starchy staples,Refined grains,168930,130,28.59,0.4,0.07,0.06,0.12,0.06,0,0,0,0.04,0.02,0.02,0.4,0.05,2,0,2.1,0.2,0.42,3,29,13,0,0,0,0,0.1,0.06,0.1,0.2,0.09,0.06,0.05,0.13,0.03,0.08,0.09,0.15,1.01,0.56,45.7,0.1,0.44,Q1,"Used fibre, vit E, choline, DHA, EPA, and DPA values for long-grain white rice","Rice, white, medium-grain, cooked, unenriched",Nigeria,0,0
White rice (long-grain),Starchy staples,Refined grains,169757,130,28.17,0.4,0.09,0.08,0.16,0.08,0,0,0,0.04,0.02,0.01,0.4,0.09,3,0,2.1,0.2,0.49,10,35,12,1,0,0,0,0.1,0.06,0.12,0.22,0.1,0.06,0.06,0.14,0.03,0.09,0.1,0.16,1.14,0.56,45.7,0.1,0.44,Q1,Used phytate value for medium-grain cooked white rice as a proxy,"Rice, white, long-grain, regular, unenriched, cooked without salt",Nigeria,0,0
White rice (short-grain),Starchy staples,Refined grains,168932,130,28.73,0.4,0.06,0.05,0.11,0.05,0,0,0,0.04,0.02,0.02,0.4,0.06,2,0,2.1,0.2,0.4,1,26,8,0,0,0,0,0.1,0.06,0.1,0.2,0.09,0.06,0.05,0.13,0.03,0.08,0.08,0.14,1,0.56,45.7,0.1,0.44,Q1,"Used phytate value for medium-grain cooked white rice as a proxy; used fibre, vit A, vit E, choline, DHA, EPA, and DPA values for long-grain white rice","Rice, white, short-grain, cooked, unenriched",Nigeria,0,0
Sorghum,Starchy staples,Whole grains,01_042 (from WA FCT),144,25.5,4.9,0.48,0.36,0.84,0.2,0,0,0,0.29,0.07,0.05,1.9,0.05,19,0,20.8,2.8,0.75,11,102,81,3,0,0,0,0.01,0.08,0.13,0.34,0.12,0.06,0.05,0.16,0.03,0.12,0.12,0.18,1.4,0.29,272,0.1,0.26,Q2,,"Sorghum, whole grains, boiled (without salt), drained",Nigeria,0,0
Corn flakes,Starchy staples,Whole grains,01_182 (from WA FCT),383,80.6,4.6,0.72,1.4,2.12,0.37,0,0,0,0.1,0.05,0.02,2,0.03,6,0,20.8,1,0.7,3,140,34,270,0,0,0,0.04,0.08,0.13,0.34,0.12,0.06,0.05,0.16,0.03,0.12,0.12,0.18,1.4,0.42,46.2,0.1,0.44,Q2,,"Cornflakes (breakfast cereal), unfortified",Nigeria,0,0
Bread (whole-wheat),Starchy staples,Whole grains,172688,252,42.71,6,0.62,1.59,2.21,0.72,0,0,0,2.66,0.39,0.17,4.44,0.22,42,0,27.2,2.47,1.77,161,254,75,455,0,0,0,0.14,0.08,0.13,0.34,0.12,0.06,0.05,0.16,0.03,0.12,0.12,0.18,1.4,0.56,176,0.1,0.26,Q2,,"Bread, whole-wheat, commercially prepared",Nigeria,0,0
Agidi,Starchy staples,Whole grains,01_02_02 (from NG FCT),93.34,19.75,1.3,0.37,0.6,0.98,0.2,0.87,2,0,0.04,0.02,0.05,0.3,0.02,1.1,0,29.1,0.1,1.61,4.33,40,8.26,3,0,0,0,0.04,0.09,0.13,0.36,0.14,0.07,0.03,0.16,0.02,0.13,0.13,0.19,1.45,0.42,380,0.1,0.26,Q2,"Used phytate value for yellow fermented maize paste as a proxy; used sat and unsat fat, vit D and B12, choline, sodium, DHA, EPA, DPA, and eaa from sweet white maize; used ALA from fresh maize","Maize, white, fermented gruel, cooked, moulded",Nigeria,0,0
Yellow sweet corn,Starchy staples,Whole grains,169999,96,20.98,2.4,0.37,0.6,0.98,0.2,13,5.5,0,0.09,0.09,0.06,1.68,0.14,23,0,29.1,0.45,0.62,3,218,26,1,0,0,0,0.04,0.09,0.13,0.36,0.14,0.07,0.03,0.16,0.02,0.13,0.13,0.19,1.45,0.42,196,0.1,0.26,Q2,Used phytate value for boiled corn (differentiation between yellow and white was not available); used ALA from fresh maize,"Corn, sweet, yellow, cooked, boiled, drained, without salt",Nigeria,0,0
White sweet corn,Starchy staples,Whole grains,168539,97,21.71,2.7,0.37,0.6,0.98,0.2,0,6.2,0,0.09,0.09,0.05,1.67,0.13,20,0,29.1,0.55,0.54,2,252,31,3,0,0,0,0.04,0.09,0.13,0.36,0.14,0.07,0.03,0.16,0.02,0.13,0.13,0.19,1.45,0.42,196,0.1,0.26,Q2,Used phytate value for boiled corn (differentiation between yellow and white was not available); used ALA from fresh maize,"Corn, sweet, white, cooked, boiled, drained, without salt",Nigeria,0,0
Fresh maize,Starchy staples,Whole grains,04_108 (from WA FCT),189,24.8,16.8,0.84,1.43,2.27,0.59,5,3,0,0.1,0.08,0.06,1.7,0.05,57,0,29.1,1.6,0.61,26,208,40,2,0,0,0,0.04,0.09,0.13,0.36,0.14,0.07,0.03,0.16,0.02,0.13,0.13,0.19,1.45,0.42,196,0.1,0.26,Q2,"Used phytate value for boiled corn; used choline, DHA, EPA, DPA, and eaa values for sweet maize","Maize, seeds, fresh, boiled (without salt), drained",Nigeria,0,0
Millet,Starchy staples,Whole grains,168871,119,23.67,1.3,0.18,0.51,0.69,0.17,0,0,0,0.02,0.11,0.08,1.33,0.11,19,0,11.2,0.63,0.91,3,62,44,2,0,0,0,0.05,0.08,0.15,0.45,0.07,0.07,0.07,0.19,0.04,0.11,0.11,0.18,1.5,0.42,200,0.1,0.26,Q2,,"Millet, cooked",Nigeria,0,0
Oats,Starchy staples,Whole grains,173905,71,12,1.7,0.44,0.56,0.99,0.31,0,0,0,0.08,0.08,0.02,0.23,0.01,6,0,7.4,0.9,1,9,70,27,4,0,0,0,0.02,0.05,0.12,0.22,0.14,0.05,0.1,0.14,0.04,0.1,0.1,0.16,1.2,0.69,809.9,0.1,0.26,Q2,,"Cereals, oats, regular and quick, unenriched, cooked with water (includes boiling and microwaving), without salt",Nigeria,0,0
Wheat,Starchy staples,Whole grains,01_141 (from WA FCT),185,33.2,6.9,0.18,0.55,0.73,0.18,0,0,0,0.42,0.15,0.04,3.6,0.14,16,0,20.8,3.2,1.07,22,160,38,2,0,0,0,0.04,0.08,0.13,0.34,0.12,0.06,0.05,0.16,0.03,0.12,0.12,0.18,1.4,0.56,448.8,0.1,0.26,Q2,,"Wheat, whole grains, boiled (without salt), drained",Nigeria,0,0
Fufu,Starchy staples,"White roots, tubers, and plantains",02_03_03 (from NG FCT),143,34.74,0.36,1.02,0.86,1.88,0.8,13,4.81,0,0.56,0.04,0.02,0.85,0.1,5.05,0.6,24.9,0.83,0.34,14.97,0.57,18.67,3.54,0,0,0,0.04,0.03,0.05,0.08,0.07,0.02,0.02,0.07,0.02,0.04,0.06,0.08,0.56,0.18,48,0.1,0.44,Q3,"Used sat and unsat fat, vit A, D, E, B6, niacin, choline, efa and eaa values from cassava","Cassava, white, Fermented,sieved,cooked",Nigeria,0,0
Cassava,Starchy staples,"White roots, tubers, and plantains",2345064,191,39.62,1.9,1.02,0.86,1.88,0.8,13,18.2,0,0.56,0.08,0.05,0.85,0.1,24,0,24.9,0.28,0.36,17,282,22,145,0,0,0,0.04,0.03,0.05,0.08,0.07,0.02,0.02,0.07,0.02,0.04,0.06,0.08,0.56,0.18,60,0.1,0.35,Q3,,"Cassava, cooked",Nigeria,0,0
White gari,Starchy staples,"White roots, tubers, and plantains",02_03_02 (from NG FCT),363,86.89,1.4,1.02,0.86,1.88,0.8,13,4.81,0,0.56,0.08,0.03,0.85,0.1,24,0,24.9,2.17,2.5,56.05,234.5,42.9,206.4,0,0,0,0.04,0.03,0.05,0.08,0.07,0.02,0.02,0.07,0.02,0.04,0.06,0.08,0.56,0.18,48,0.1,0.44,Q3,"For phytate: used value for fufu as value for gari was not available; Used sat and unsat fat, vit A, D, E, B12 and B6, niacin, folate, choline, efa and eaa values from cassava; used vit C value from fufu","Cassava, white, grated, fermented, dewatered, Fried",Nigeria,0,0
Taro,Starchy staples,"White roots, tubers, and plantains",168486,142,34.6,5.1,0.01,0.05,0.06,0.02,4,5,0,2.93,0.11,0.03,0.51,0.33,19,0,21.3,0.72,0.27,18,484,30,15,0,0,0,0.04,0.01,0.02,0.04,0.02,0.01,0.01,0.03,0.01,0.02,0.02,0.03,0.22,0.71,18,0.1,0.44,Q3,,"Taro, cooked, without salt",Nigeria,0,0
Yellow plantain,Starchy staples,"White roots, tubers, and plantains",N/A,139,36.63,1.95,0,0,0,0,50.5,17.4,0,0,0.08,0.1,0.68,0.23,37.5,0,13.1,0.42,0.2,3,482,38.5,3,0,0,0,0,0.13,0.04,0.08,0.07,0.01,0.02,0.05,0.02,0.03,0.05,0.04,0.56,0.71,20.29,0.1,0.44,Q3,,"Yellow plantain, average of raw and cooked (baked)",Nigeria,0,0
Green plantain,Starchy staples,"White roots, tubers, and plantains",N/A,215,39.16,3.05,2.18,1.39,3.57,1.88,60,6.25,0,0,0.05,0.08,0.6,0.24,37.5,0,13.1,0.49,0.19,3.5,385.5,43,2,0,0,0,0.12,0.06,0.02,0.04,0.05,0.01,0.02,0.03,0.01,0.02,0.02,0.02,0.3,0.71,17.16,0.1,0.44,Q3,"Used vit D and E, folate, and choline from yellow plantain","Green plantain, cooked, average of fried and boiled",Nigeria,0,0
Potato,Starchy staples,"White roots, tubers, and plantains",N/A,107,20.7,1.86,0.75,0.8,1.55,0.28,0.43,11,0,0.34,0.08,0.03,1.38,0.3,18.29,0,14.19,0.7,0.32,9.86,451.57,25.57,92.43,0,0,0,0.04,0.04,0.08,0.12,0.12,0.03,0.03,0.09,0.03,0.07,0.07,0.11,0.79,1.25,47.61,0.1,0.44,Q3,,"Potato, cooked, average of skin eaten and not eaten and of boiled, baked, fried, and roasted",Nigeria,0,0
Sweet potato,Starchy staples,"White roots, tubers, and plantains",N/A,110,19.06,2.93,1.22,1.29,2.51,0.46,872.67,16.73,0,1.25,0.09,0.08,1.12,0.24,5.67,0,11.93,0.68,0.27,33.33,378.33,23,78.67,0,0,0,0,0.03,0.06,0.1,0.07,0.03,0.02,0.1,0.03,0.04,0.09,0.09,0.67,1.25,10.33,0.1,0.44,Q3,,"Sweet potato, cooked, average of boiled, baked and fried",Nigeria,0,0
Water yam,Starchy staples,"White roots, tubers, and plantains",02_018 (from WA FCT),123,22.7,10.2,0.01,0.06,0.07,0.04,3,11,0,0.39,0.04,0.03,0.8,0.02,17,0,16.2,0.8,0.41,15,237,7,5,0,0,0,0.01,0.03,0.05,0.09,0.06,0.02,0.02,0.07,0.01,0.04,0.05,0.06,0.51,0.69,26,0.1,0.44,Q3,"Used choline, DHA, DPA, EPA, and eaa values for yam","Water yam, tuber, boiled (without salt), drained",Nigeria,0,0
Yam,Starchy staples,"White roots, tubers, and plantains",170072,116,27.48,3.9,0.01,0.06,0.07,0.03,6,12.1,0,0.34,0.1,0.03,0.55,0.23,16,0,16.2,0.52,0.2,14,670,18,8,0,0,0,0.01,0.03,0.05,0.09,0.06,0.02,0.02,0.07,0.01,0.04,0.05,0.06,0.51,0.69,30,0.1,0.44,Q3,Used ALA value for water yam,"Yam, cooked, boiled, drained, or baked, without salt",Nigeria,0,0
Instant noodles,Starchy staples,Instant noodles,01_103 (from WA FCT),200,25.3,1.3,3.07,0.89,3.96,3.93,0,0,0,1.1,0.12,0.12,1.4,0.05,5,0,6.4,0.3,0.22,12,22,10,108,0,0,0,0.02,0.13,0.23,0.44,0.13,0.07,0.11,0.3,0.08,0.11,0.21,0.26,2.07,0.29,164.74,0.1,0.26,Q23,"Used choline, DHA, DPA, EPA, and eaa values for refined pasta","Instant noodles (Indomie), made from wheat flour, previously fried and dried, without flavouring, boiled and drained",Nigeria,0,0
Cowpea pancakes (fried),"Pulses, nuts, and seeds",Legumes,03_154 (from WA FCT),253,27.7,5.8,2.56,4.39,6.95,1.37,0,0,0,1.7,0.09,0.05,2.6,0.11,140,0,32.2,6.5,2.07,67,632,126,699,0,0,0,0.21,0.24,0.31,0.59,0.52,0.11,0.09,0.45,0.1,0.25,0.29,0.37,3.32,0.48,496.1,0.1,0.26,Q4,"Used phytate for boiled cowpeas as a proxy; used choline, DHA, EPA, DPA, and eaa values for blackeyes cowpeas",Boussan touba: fried cowpea pancakes,Nigeria,0,0
Brown cowpeas,"Pulses, nuts, and seeds",Legumes,03_096 (from WA FCT),122,17.6,4.8,0.04,0.34,0.38,0.18,0,0,0,0.24,0.08,0.02,1.9,0.08,78,0,32.2,2.2,1.33,25,306,99,7,0,0,0,0.13,0.24,0.31,0.59,0.52,0.11,0.09,0.45,0.1,0.25,0.29,0.37,3.32,0.48,496.1,0.1,0.26,Q4,"Used choline, DHA, EPA, DPA, and eaa values for blackeyes cowpeas","Cowpea, brown, soaked, boiled in different water (without salt), drained",Nigeria,0,0
Blackeyes cowpeas,"Pulses, nuts, and seeds",Legumes,173759,116,20.76,6.5,0.04,0.23,0.27,0.14,1,0.4,0,0.28,0.2,0.06,0.5,0.1,208,0,32.2,2.51,1.29,24,278,53,4,0,0,0,0.13,0.24,0.31,0.59,0.52,0.11,0.09,0.45,0.1,0.25,0.29,0.37,3.32,0.48,496.1,0.1,0.26,Q4, Used ALA value for brown cowpeas,"Cowpeas, common (blackeyes, crowder, southern), mature seeds, cooked, boiled, without salt",Nigeria,0,0
Moin-moin (steamed bean pudding),"Pulses, nuts, and seeds",Legumes,03_02_09 (from NG FCT),108,15.74,7.24,1.61,3.66,5.27,1.04,0.25,0.59,0,0.64,0.12,0.09,1.47,0.13,139.63,0,39.85,0.88,0.68,3.76,0.77,2.69,3.72,0,0,0,0.17,0.47,0.79,1.35,1.12,0.23,0.25,0.9,0.24,0.62,0.71,0.83,2.19,0.48,1.91,0.1,0.44,Q4,,"Beans,soaked,dehulled,blended to Paste with added salt, pepper and Vegetable oil,Steamed into mould",Nigeria,0,0
Soybeans,"Pulses, nuts, and seeds",Legumes,N/A,321,19.29,11.85,3.8,9.7,13.5,2.49,0,1.95,0,0.35,0.13,0.22,0.9,0.22,132.5,0,47.5,4.52,2.15,120,992.5,115.5,2.5,0,0,0,0.17,0.7,1.26,2.11,1.73,0.35,0.42,1.35,0.38,0.98,1.13,1.29,1.06,1.02,248,0.1,0.26,Q4,"Used phytate value for cooked soy flour as a proxy, as value for cooked soy beans was unavailable","Soybeans, mature seeds, cooked, average of boiled and roasted",Nigeria,0,0
Peanuts,"Pulses, nuts, and seeds",Nuts and seeds,172430,567,16.13,8.5,24.43,15.56,39.98,6.28,0,0,0,8.33,0.64,0.14,12.07,0.35,240,0,52.5,4.58,3.27,92,705,168,18,0,0,0,0.08,0.65,0.91,1.67,0.93,0.32,0.33,1.38,0.25,1.05,0.88,1.08,9.45,0.43,987,0.1,0.26,Q21,,"Peanuts, all types, raw",Nigeria,0,0
Roasted peanuts,"Pulses, nuts, and seeds",Nuts and seeds,N/A,593,18.26,8.9,26.08,12.53,38.61,8.2,0,0.4,0,5.92,0.12,0.14,14.09,0.46,108.5,0,59.8,1.55,3.03,59.5,680,177,6,0,0,0,0.03,0.63,0.91,1.67,0.9,0.29,0.34,1.33,0.23,0.98,0.71,1.07,9.06,0.43,2008,0.1,0.26,Q21,,"Peanuts, average of dry- and oil-roasted",Nigeria,0,0
Melon seeds,"Pulses, nuts, and seeds",Nuts and seeds,06_013 (from WA FCT),574,11.6,6,7.68,24.26,31.94,11.11,0,0,0,5.7,0.1,0.12,8.2,0.09,58,0,56.15,6.3,4.54,118,610,383,37,0,0,0,0.14,0.58,0.87,1.61,0.92,0.32,0.35,1.22,0.26,0.85,0.76,1.08,8.81,0.67,460,0.1,0.26,Q21,,"Melon seed, kernel only, dried, raw",Nigeria,0,0
African mango seeds,"Pulses, nuts, and seeds",Nuts and seeds,06_008 (from WA FCT),650,5.5,17.3,20.5,15.05,35.54,8.34,0,5,0,1.8,0.16,0.08,2.9,0.34,62,0,56.15,3.4,3.21,105,16,287,2,0,0,0,0.08,0.58,0.87,1.61,0.92,0.32,0.35,1.22,0.26,0.85,0.76,1.08,8.81,0.67,1001.86,0.1,0.26,Q21,,"Dikanut, kernel, dried, raw",Nigeria,0,0
Cashews ,"Pulses, nuts, and seeds",Nuts and seeds,170162,553,30.19,3.3,23.8,7.85,31.64,7.78,0,0.5,0,0.9,0.42,0.06,1.06,0.42,25,0,56.15,6.68,5.78,37,660,292,12,0,0,0,0.08,0.46,0.79,1.47,0.93,0.36,0.39,0.95,0.29,0.51,0.69,1.09,7.93,0.42,929,0.1,0.26,Q21,,"Nuts, cashew nuts, raw",Nigeria,0,0
Carrots,Vegetables,Vitamin A-rich orange vegetables,N/A,38,8.9,2.9,0.01,0.1,0.1,0.03,843.5,4.75,0,0.85,0.07,0.05,0.81,0.15,16.5,0,8.8,0.32,0.22,31.5,277.5,11,63.5,0,0,0,0,0.04,0.07,0.09,0.09,0.02,0.08,0.06,0.01,0.04,0.17,0.06,0.73,0.8,88.2,0.1,0.35,Q5,,"Carrots, average of raw and cooked (boiled)",Nigeria,0,0
Amaranth leaves,Vegetables,Dark green leafy vegetables,N/A,22,4.07,3,0.06,0.11,0.17,0.07,142.5,42.2,0,2.06,0.02,0.15,0.61,0.18,71,0,19.5,2.29,0.89,212,626,55,20.5,0,0,0,0.14,0.05,0.11,0.18,0.12,0.03,0.03,0.12,0.03,0.07,0.09,0.13,0.96,0.8,17.7,0.1,0.44,Q6.1,,"Amaranth leaves, average of raw and cooked (boiled)",Nigeria,0,0
Dried baobab leaves,Vegetables,Dark green leafy vegetables,04_002 (from WA FCT),241,19.8,42.9,0.16,1.06,1.22,0.64,143,19,0,1.7,0.1,0.15,6.1,1.5,300,0,222.46,13.7,3.56,1244,1490,206,166,0,0,0,0.71,0.59,1.5,2.61,1.79,0.51,0.34,1.54,0.39,1.22,1.34,1.71,13.55,0.8,260,0.1,0.26,Q6.1,,"Baobab, leaves, dried",Nigeria,0,1
Fresh baobab leaves,Vegetables,Dark green leafy vegetables,N/A,63,5.45,10.9,0.03,0.18,0.21,0.11,204.5,33,0,0.43,0.03,0.04,1.75,0.34,73,0,20,3.05,0.8,308.5,284,42,37,0,0,0,0.12,0.05,0.14,0.23,0.16,0.05,0.03,0.14,0.04,0.11,0.12,0.15,1.22,0.8,80,0.1,0.35,Q6.1,,"Baobab leaves, fresh, average of raw and cooked (boiled)",Nigeria,0,0
Bitter leaves,Vegetables,Dark green leafy vegetables,N/A,66,6.75,5.15,0.06,0.42,0.48,0.25,232,20.5,0,0.43,0.08,0.17,1.55,0.2,43,0,20,1.85,1.66,167.5,448.5,76.5,10,0,0,0,0.28,0.05,0.14,0.23,0.16,0.05,0.03,0.14,0.04,0.11,0.12,0.15,1.22,0.8,4.28,0.1,0.44,Q6.1,,"Bitter leaves, average of raw and cooked (boiled)",Nigeria,0,0
Jute mallow leaves,Vegetables,Dark green leafy vegetables,N/A,50,3.2,8.35,0.03,0.19,0.22,0.06,263.5,52,0,0.43,0.1,0.26,1.35,0.5,89.5,0,20,6.35,0.67,277.5,206,62,10.5,0,0,0,0,0.05,0.14,0.23,0.16,0.05,0.03,0.14,0.04,0.11,0.12,0.15,1.22,0.8,38.75,0.1,0.44,Q6.1,,"Jute mallow leaves (ewedu), average of raw and cooked (boiled)",Nigeria,0,0
Pumpkin leaves,Vegetables,Dark green leafy vegetables,N/A,20,2.86,2.7,0.04,0.02,0.06,0.16,88.5,6,0,0.96,0.08,0.13,0.89,0.2,30.5,0,21,2.71,0.2,41,437,38,9.5,0,0,0,0.07,0.05,0.15,0.3,0.19,0.05,0.03,0.16,0.04,0.15,0.15,0.17,1.41,0.8,36.14,0.1,0.44,Q6.1,,"Pumpkin leaves, average of raw and cooked (boiled)",Nigeria,0,0
Spinach,Vegetables,Dark green leafy vegetables,N/A,23,3.69,2.3,0.01,0.14,0.15,0.05,496.5,18.95,0,2.06,0.09,0.21,0.61,0.22,170,0,19.5,3.14,0.65,117.5,512,83,74.5,0,0,0,0.14,0.07,0.15,0.23,0.18,0.05,0.04,0.13,0.04,0.11,0.12,0.16,1.28,0.8,12.01,0.1,0.44,Q6.1,,"Spinach, average of raw and cooked (boiled)",Nigeria,0,0
Waterleaf,Vegetables,Dark green leafy vegetables,N/A,41,4.35,3.95,0.05,0.3,0.35,0.18,266,24,0,0.94,0.03,0.14,0.85,0.2,18,0,20,0.95,0.75,98.5,312,131.5,33.5,0,0,0,0.2,0.05,0.14,0.23,0.16,0.05,0.03,0.14,0.04,0.11,0.12,0.15,1.22,0.8,29.4,0.1,0.44,Q6.1,,"Waterleaf, average of raw and cooked (boiled)",Nigeria,0,0
Wild spinach,Vegetables,Dark green leafy vegetables,N/A,45,2.5,4.3,0.05,0.3,0.35,0.18,72,31,0,0.43,0.06,0.13,1.6,0.22,47,0,20,3.8,0.62,229.5,341,67,24,0,0,0,0.2,0.05,0.14,0.23,0.16,0.05,0.03,0.14,0.04,0.11,0.12,0.15,1.22,0.8,12.01,0.1,0.44,Q6.2,"Phytate value for wild spinach missing, used value for spinach as a proxy","Wild spinach (okazi), average of raw and cooked (boiled)",Nigeria,0,0
Cabbage,Vegetables,Other vegetables,N/A,24,5.66,2.2,0.02,0.02,0.04,0.02,4.5,37.05,0,0.15,0.06,0.04,0.24,0.12,36.5,0,15.5,0.32,0.19,44,183,13.5,13,0,0,0,0.12,0.02,0.03,0.04,0.04,0.01,0.01,0.03,0.01,0.02,0.04,0.04,0.3,0.8,11.77,0.1,0.44,Q7.1,,"Cabbage, average of raw and cooked (boiled)",Nigeria,0,0
Cucumber,Vegetables,Other vegetables,N/A,13,2.9,0.6,0.01,0.03,0.03,0.06,4.5,3,0,0.03,0.03,0.03,0.07,0.05,10.5,0,5.85,0.25,0.19,15,141.5,12.5,2,0,0,0,0.12,0.01,0.02,0.03,0.03,0.01,0.01,0.03,0.01,0.01,0.02,0.02,0.16,0.8,16.94,0.1,0.44,Q7.1,,"Cucumber, average of with and without peel, raw",Nigeria,0,0
Garden eggplant,Vegetables,Other vegetables,04_103 (from WA FCT),35,4.2,4.3,0.03,0.22,0.25,0.1,11,1,0,0.1,0.05,0.08,0.6,0.04,18,0,10.73,0.9,0.19,12,128,16,3,0,0,0,0.04,0.02,0.04,0.06,0.06,0.01,0.01,0.04,0.01,0.03,0.04,0.05,0.37,0.8,19,0.1,0.44,Q7.1,,"Native eggplant, fruit, boiled (without salt), drained",Nigeria,0,0
Lettuce,Vegetables,Other vegetables,169249,15,2.87,1.3,0.01,0.08,0.09,0.02,370,9.2,0,0.22,0.07,0.08,0.38,0.09,38,0,13.6,0.86,0.18,36,194,13,28,0,0,0,0.12,0.02,0.08,0.08,0.08,0.02,0.02,0.06,0.01,0.03,0.06,0.07,0.53,0.8,3,0.1,0.44,Q7.1,,"Lettuce, green leaf, raw",Nigeria,0,0
Dried okra,Vegetables,Other vegetables,04_077 (from WA FCT),245,21.8,45.3,0.06,0.82,0.88,0.52,25,16,0,4.1,0.32,0.57,9.7,2.1,570,0,10.73,6.4,4.64,781,2530,548,77,0,0,0,0.24,0.02,0.04,0.06,0.06,0.01,0.01,0.04,0.01,0.03,0.04,0.05,0.37,0.8,117.99,0.1,0.3,Q7.1,,"Okra, fruit, dried",Nigeria,0,1
Okra,Vegetables,Other vegetables,N/A,121,13.44,2.05,2.51,2.55,5.06,0.93,12,9.95,0.05,1.19,0.2,0.11,1.43,0.11,74,0.02,12.25,1,0.44,64.5,123,29.5,161,0,0,0,0.07,0.03,0.07,0.1,0.08,0.02,0.02,0.06,0.02,0.08,0.06,0.09,0.61,0.8,13,0.1,0.44,Q7.1,,"Okra (lady finger), average of boiled and fried",Nigeria,0,0
Onion,Vegetables,Other vegetables,N/A,69,9.12,1.6,0.74,1.85,2.6,0.52,0,4.8,0,0.24,0.05,0.03,0.11,0.15,17,0,6.47,0.24,0.2,21.67,148.33,10,6.33,0,0,0,0.12,0.02,0.03,0.03,0.05,0.01,0.01,0.03,0.02,0.02,0.02,0.02,0.25,0.8,6.96,0.1,0.44,Q7.1,"Onion not included in the DQQ, considered as a vegetable and assigned to Q7.1","Onion, average of white and yellow, and of raw and cooked (boiled and sauteed)",Nigeria,0,0
Snail,Animal-source foods,Land mollusks,07_084 (from WA FCT),138,8.3,0,0.06,0.19,0.25,0.08,47,21,0,8.6,0.03,0.02,2.3,0.04,12,1.4,67.07,2.9,2.86,105,25,102,55,0.3,0.17,0.07,0.01,0.6,1.06,1.82,2.03,0.67,0.25,0.91,0.25,0.77,1,1.15,10.48,1,0,0.15,0.44,Q20,"Snail not included in the DQQ, considered as a mollusk and assigned to Q20","Snail, cooked",Nigeria,0,0
Egg,Animal-source foods,Eggs,N/A,164,1.05,0,4.89,2.45,7.34,3.56,175.25,0,1.98,1.2,0.05,0.44,0.07,0.15,42.5,0.9,269.88,1.47,1.14,56.5,131.75,11.25,157.75,0.05,0,0,0.35,0.28,0.63,1.01,0.84,0.35,0.26,0.63,0.15,0.47,0.53,0.77,5.92,1.1,0,0.15,0.44,Q13,,"Egg, average of various cooking methods (omelet, scrambled, boiled, fried)",Nigeria,0,0
Beef,Animal-source foods,Unprocessed red meat (ruminant),N/A,267,0,0,7.52,0.65,8.17,6.58,4.6,0,0.25,0.22,0.08,0.22,4.6,0.36,7.83,2.58,90.22,2.43,5.8,9.5,324.83,22.17,63,0,0,0.01,0.01,0.9,1.23,2.16,2.31,0.7,0.3,1.06,0.27,0.91,1.16,1.32,12.32,1.12,0,0.2,0.44,Q17,,"Beef, average of various cuts, deegrees of fat, and cooking methods",Nigeria,0,0
Sirloin steak (beef),Animal-source foods,Unprocessed red meat (ruminant),N/A,278,0,0,7.4,1.13,8.52,6.89,1,0,0.25,0.49,0.1,0.21,5.5,0.5,8.5,2.47,106.15,2.58,5.21,16,371,25,63.5,0,0,0.02,0.01,0.92,1.26,2.21,2.34,0.72,0.34,1.09,0.25,0.91,1.17,1.37,12.57,1.12,0,0.2,0.44,Q17,Used ALA value for composite beef,"Beef, top sirloin, steak, separable lean and fat, trimmed to 1/8"" fat, average of various cooking methods",Nigeria,0,0
Ground beef,Animal-source foods,Unprocessed red meat (ruminant),N/A,253,0,0,7.02,0.46,7.49,6.06,3,0,0,0.12,0.05,0.18,5.51,0.37,9.2,2.76,82.86,2.67,6.36,25.6,341.6,22,82.2,0,0,0,0.04,0.85,1.15,2.03,2.16,0.67,0.27,1.02,0.13,0.8,1.01,1.28,11.35,1.12,0,0.2,0.44,Q17,,"Beef, ground, average of various degrees of fat, forms, and cooking methods",Nigeria,0,0
Beef head,Animal-source foods,Unprocessed red meat (ruminant),2341251,257,0,0,7.348,0.727,8.075,6.728,3,0,0.2,0.31,0.067,0.188,5.415,0.474,7,1.8,82.6,2.18,5.06,13,269,20,357,0.001,0.003,0.012,0.01,0.9,1.23,2.16,2.31,0.7,0.3,1.06,0.27,0.91,1.16,1.32,12.32,1.12,0,0.2,0.44,Q17,No other cooking methods available; Used ALA and eaa values for composite beef,"Beef, cow head, barbecued, no sauce added",Nigeria,0,0
Veal chops,Animal-source foods,Unprocessed red meat (ruminant),172651,199,0.15,0,4.78,0.56,5.33,3.72,0,0,1.3,0.47,0.1,0.45,4.94,0.41,6,3.44,128.1,1.59,4.71,24,235,33,111,0,0,0,0.01,0.93,1.27,2.05,2.12,0.6,0.29,1.04,0.26,0.82,1.12,1.42,11.92,1.12,0,0.2,0.44,Q17,No other cooking methods available; Used ALA value for composite beef,"Veal, shoulder, blade chop, separable lean and fat, cooked, grilled",Nigeria,0,0
Goat,Animal-source foods,Unprocessed red meat (ruminant),175304,143,0,0,1.36,0.23,1.59,0.93,0,0,0,0.34,0.09,0.61,3.95,0,5,1.19,106.4,3.73,5.27,17,405,0,86,0,0,0,0.02,0.57,1.37,2.26,2.02,0.73,0.32,0.94,0.4,0.83,1.29,1.45,12.18,1.12,0,0.2,0.44,Q17,No other cooking methods available,"Game meat, goat, cooked, roasted",Nigeria,0,0
Mutton,Animal-source foods,Unprocessed red meat (ruminant),167634,234,0.08,0,4.46,0.81,5.27,5.14,0,0,0,0.8,0.06,0.3,6.52,0.38,5,4.44,100.6,4.76,5.93,10,409,31,135,0,0,0,0.15,0.98,1.59,2.76,3,0.92,0.35,1.4,0.26,1.16,1.4,1.68,15.49,1.12,0,0.2,0.44,Q17,"No other cooking methods available; Used fibre, vit A, C and D, folate, DHA, EPA, DPA values from goat","Mutton, cooked, roasted",Nigeria,0,0
Lamb,Animal-source foods,Unprocessed red meat (ruminant),N/A,252,0,0,6.51,1.25,7.75,6.33,0,0,0.1,0.17,0.1,0.26,6.6,0.14,20.6,2.63,100.6,2.08,4.92,17.4,309,26,76,0,0,0,0.02,0.82,1.25,2.01,2.28,0.66,0.31,1.05,0.3,0.87,1.1,1.39,12.04,1.12,0,0.2,0.44,Q17,,"Lamb, average of various cuts, deegrees of fat, and cooking methods",Nigeria,0,0
Beef liver,Animal-source foods,Organ meat,N/A,183,5.15,0,1.12,1.07,2.18,2.74,8593,1.3,1.2,0.49,0.19,3.43,17.5,1.02,256.5,76.86,422.1,6.36,5.27,6,351.5,21.5,78,0,0,0,0.02,0.84,1.29,2.55,2.15,0.73,0.5,1.45,0.35,1.08,1.16,1.68,13.78,1.12,0,0.2,0.44,Q17,,"Beef liver, average of various cooking methods",Nigeria,0,0
Pork,Animal-source foods,Unprocessed red meat (non-ruminant),N/A,286,0,0,8.52,2.34,10.86,7.05,3.2,0.22,1.38,0.26,0.51,0.34,5.79,0.38,2.4,0.77,88.98,1.21,3.21,30.8,335.8,20.6,76,0,0,0.01,0.11,1.03,1.21,2.09,2.31,0.69,0.31,1.05,0.32,0.94,1.16,1.36,12.47,1.26,0,0.15,0.44,Q18,,"Pork, average of various cuts, deegrees of fat, and cooking methods",Nigeria,0,0
Ground pork,Animal-source foods,Unprocessed red meat (non-ruminant),N/A,288,0.55,0,8.92,2.7,11.61,6.71,0,0,0.5,0.44,0.35,0.46,8.57,0.54,3.67,0.97,85.63,1.16,2.54,20,345,21.67,89.33,0.01,0,0.02,0.12,1.07,1.24,2.17,2.33,0.72,0.31,1.16,0.35,1.15,1.15,1.37,13.02,1.26,0,0.15,0.44,Q18,No other cooking methods available,"Pork, ground, average of various degrees of fat, cooked, pan-broiled",Nigeria,0,0
Shoulder blade steak (pork),Animal-source foods,Unprocessed red meat (non-ruminant),N/A,263,0,0,7.7,1.77,9.47,6.27,2.5,0.15,1.4,0.21,0.6,0.38,3.97,0.36,2,1,95.1,1.58,4.68,31,315.5,22,63.5,0,0,0,0.08,1.05,1.22,2.09,2.31,0.68,0.31,1.04,0.29,0.92,1.15,1.35,12.42,1.26,0,0.15,0.44,Q18,,"Pork, fresh, shoulder, blade, boston (steaks), separable lean and fat, average of various cooking methods",Nigeria,0,0
Pork feet,Animal-source foods,Unprocessed red meat (non-ruminant),168290,238,0,0,8.01,1.54,9.55,4.34,0,0,0,0.09,0.02,0.06,0.59,0.04,2,0.41,75.4,0.98,1.05,0,33,5,73,0,0,0,0.06,1.03,1.21,2.09,2.31,0.69,0.31,1.05,0.32,0.94,1.16,1.36,12.47,1.26,0,0.15,0.44,Q18,Used eaa values for composite pork,"Pork, fresh, variety meats and by-products, feet, cooked, simmered",Nigeria,0,0
Chicken wings,Animal-source foods,Poultry,N/A,275,0.8,0.03,7.73,4.04,11.77,5.25,30,0,0.15,0.48,0.05,0.13,5.88,0.4,6.67,0.27,81.3,1.07,1.68,15,176,18,80.67,0.04,0.01,0.02,0.16,0.75,1.16,1.81,2.04,0.63,0.31,0.94,0.28,0.79,1.02,1.19,10.91,1.08,0,0.15,0.44,Q19,,"Chicken, broilers or fryers, wing, meat and skin, average of various cooking methods",Nigeria,0,0
Whole chicken (excl giblets & neck),Animal-source foods,Poultry,N/A,242,1.05,0.03,5.39,3.04,8.43,3.78,39.67,0,0.03,0.39,0.07,0.17,7.69,0.34,7,0.27,67.7,1.27,1.91,15,207.67,22.33,77.67,0.04,0.01,0.02,0.16,0.79,1.34,1.96,2.18,0.72,0.36,1.05,0.3,0.87,1.11,1.31,11.98,1.08,0,0.15,0.44,Q19,Used ALA value for chicken wings,"Chicken, broilers or fryers, meat and skin, average of various cooking methods",Nigeria,0,0
Whole chicken (incl giblets & neck),Animal-source foods,Poultry,N/A,241,1.13,0,5.33,3.04,8.36,3.77,204.33,0.5,0,0.33,0.07,0.23,7.41,0.34,29.33,0.95,73.3,1.73,2.17,15.33,204,22.33,77,0.04,0.01,0.02,0.16,0.77,1.33,1.95,2.14,0.7,0.36,1.05,0.3,0.86,1.11,1.3,11.86,1.08,0,0.15,0.44,Q19,Used ALA value for chicken wings,"Chicken, broilers or fryers, meat and skin and giblets and neck, average of various cooking methods",Nigeria,0,0
Duck,Animal-source foods,Poultry,N/A,337,0,0,12.87,3.64,16.52,9.65,63,0,0.1,0.7,0.17,0.27,4.82,0.18,6,0.3,50.3,2.7,1.86,11,203.5,16,140,0,0,0,0.08,0.46,0.87,1.47,1.49,0.48,0.3,0.75,0.23,0.64,0.77,0.94,8.39,1.08,0,0.15,0.44,Q19,,"Duck, average of different cooking methods",Nigeria,0,0
Guinea fowl,Animal-source foods,Poultry,N/A,138,0,0,0.8,1.03,1.83,0.93,10.5,2,0.85,1.12,0.1,0.25,11,0.37,4.5,0.28,75.47,1.15,1.8,27.5,101.5,23.5,15.5,0.02,0.01,0.01,0.03,0.7,1.1,1.82,2.03,0.65,0.32,0.94,0.28,0.8,1,1.13,10.76,1.08,0,0.15,0.44,Q19,,"Guinea fowl meat, average of different cooking methods",Nigeria,0,0
Turkey,Animal-source foods,Poultry,N/A,195,0.54,0,2.98,2.37,5.34,2.18,14,0,0.4,0.12,0.05,0.26,8.49,0.55,8.67,0.95,75.83,1.03,2.31,14.67,214.67,26.67,316.33,0.01,0.01,0.01,0.11,0.75,0.8,1.93,2.28,0.72,0.27,0.9,0.29,0.82,1,0.9,10.66,1.08,0,0.15,0.44,Q19,,"Turkey, light and dark meat, average of various cooking methods",Nigeria,0,0
Chicken gizzard,Animal-source foods,Organ meat,171457,154,0,0,0.53,0.35,0.88,0.67,0,0,0,0.2,0.03,0.21,3.12,0.07,5,1.04,104.4,3.19,4.42,17,179,3,56,0,0,0,0,0.77,1.33,1.95,2.14,0.7,0.36,1.05,0.3,0.86,1.11,1.3,11.86,1.08,0,0.15,0.44,Q19,No other cooking methods available; used eaa values for whole chicken (incl giblets & neck),"Chicken, gizzard, all classes, cooked, simmered",Nigeria,0,0
Dried & salted stockfish,Animal-source foods,Fish and seafood,174190,290,0,0,0.34,0.8,1.15,0.46,42,3.5,4,2.84,0.27,0.24,7.5,0.86,25,10,291.3,2.5,1.59,160,1458,133,7027,0.42,0.01,0.04,0.08,1.85,2.9,5.11,5.77,1.86,0.67,2.45,0.7,2.12,2.75,3.24,29.42,1,0,0.15,0.44,Q20,,"Fish, cod, Atlantic, dried and salted",Nigeria,0,1
Catfish,Animal-source foods,Fish and seafood,N/A,191,2.93,0.13,4.7,2.98,7.69,2.36,8.25,0,0.28,1.62,0.06,0.11,2.64,0.17,19.5,2.95,75.53,0.49,0.58,13.25,348.75,22.75,327.25,0.06,0.02,0.02,0.04,0.56,1.03,1.76,1.94,0.65,0.24,0.9,0.24,0.75,0.97,1.11,10.14,1,0,0.15,0.44,Q20,,"Catfish, fresh, average of various cooking methods ",Nigeria,0,0
Mudfish,Animal-source foods,Fish and seafood,N/A,136,0,0,1.04,1.53,2.57,1.58,11,0,1.2,0.45,0.08,0.04,7.7,0.27,14,4,62.9,0.55,1.42,30.5,321.5,28,46.5,0.09,0.05,0.05,0.04,0.56,1.03,1.76,1.94,0.65,0.24,0.9,0.24,0.75,0.97,1.11,10.14,1,0,0.15,0.44,Q20,,"North African catfish, fresh, average of various cooking methods",Nigeria,0,0
Croaker,Animal-source foods,Fish and seafood,171957,221,7.54,0.4,5.32,2.92,8.24,3.48,23,0,1.69,1.05,0.09,0.13,4.3,0.26,45,2.1,62.9,0.86,0.52,32,340,42,348,0.09,0.11,0.08,0.01,0.53,0.85,1.48,1.57,0.53,0.22,0.74,0.21,0.62,0.79,0.95,8.47,1,0,0.15,0.44,Q20,No other cooking methods available,"Fish, croaker, Atlantic, cooked, breaded and fried",Nigeria,0,0
Mackerel,Animal-source foods,Fish and seafood,N/A,251,2.93,0.13,5.69,4.38,10.06,3.75,35,1.4,9.97,2.03,0.15,0.45,8.77,0.37,11.25,8,75.4,1.57,0.82,26.5,438.5,48.5,282.75,0.94,0.54,0.13,0,0.7,1.1,1.94,2.19,0.71,0.26,0.93,0.27,0.81,1.05,1.23,11.17,1,0,0.15,0.44,Q20,Used ALA value for sardines,"Mackerel, fresh, average of various cooking methods",Nigeria,0,0
Canned mackerel,Animal-source foods,Fish and seafood,175121,156,0,0,2.23,1.65,3.88,1.86,130,0.9,7.3,1.03,0.04,0.21,6.18,0.21,5,6.94,85,2.04,1.02,241,194,37,379,0.8,0.43,0.1,0,0.68,1.07,1.89,2.13,0.69,0.25,0.91,0.26,0.78,1.02,1.2,10.86,1,0,0.15,0.44,Q20,Used ALA value for sardines,"Fish, mackerel, jack, canned, drained solids",Nigeria,0,0
Canned sardines,Animal-source foods,Fish and seafood,175139,208,0,0,3.87,5.15,9.02,1.53,32,0,4.8,2.04,0.08,0.23,5.25,0.17,10,8.94,75,2.92,1.31,382,397,39,307,0.51,0.47,0,0,0.73,1.13,2,2.26,0.73,0.26,0.96,0.28,0.83,1.08,1.27,11.53,1,0,0.15,0.44,Q20,Used ALA value for sardines,"Fish, sardine, Atlantic, canned in oil, drained solids with bone",Nigeria,0,0
Sardines,Animal-source foods,Fish and seafood,N/A,141,0,0,1.09,0.82,1.91,1.62,15.5,0,4.2,0.51,0.02,0.19,13.5,1.4,22.5,9.5,75,1.9,2.04,66,243.5,51,60.5,0.51,0.47,0,0,0.73,1.13,2,2.26,0.73,0.26,0.96,0.28,0.83,1.08,1.27,11.53,1,0,0.15,0.44,Q20,"Used choline, DHA, EPA, DPA, and eaa values for canned sardines","Sardine, fillet, average of various cooking methods",Nigeria,0,0
Dried shrimp,Animal-source foods,Fish and seafood,2341781,250,0,0,0.27,1.71,1.98,0.47,0,10.2,0,2.75,0.02,0.04,1.4,0.03,22,1.85,202.2,5.32,4.9,362,200,82,2175,0.63,0.73,0.13,0,0.72,1.26,2.17,2.41,0.79,0.29,1.08,0.29,0.91,1.19,1.37,12.49,1,0,0.15,0.44,Q20,Used ALA value for dried crayfish,"Shrimp, dried",Nigeria,0,1
Dried crayfish,Animal-source foods,Fish and seafood,09_057 (from WA FCT),322.00,7.90,0.00,0.92,1.05,1.97,1.83,9.00,3.70,0.00,1.10,0.03,0.22,8.40,0.70,140.00,5.90,202.20,2.53,6.83,252.20,1107.00,670.00,1298.00,0.63,0.73,0.13,0.00,0.93,1.62,2.79,3.11,1.02,0.38,1.39,0.38,1.17,1.53,1.77,16.08,1,0,0.15,0.44,Q20,"Used choline, DHA, EPA, DPA values for dried shrimp","Shrimp (crayfish), whole, dried",Nigeria,0,1
Tilapia,Animal-source foods,Fish and seafood,N/A,157.6,2.35,0.1,2.07,1.82,3.89,1.42,6.6,0,3.58,1.08,0.08,0.08,4.69,0.17,28.2,1.67,50.28,0.83,0.41,15,355,32.2,231.2,0.1,0.01,0.05,0.05,0.59,1.22,2.04,2.32,0.77,0.27,1.05,0.27,0.87,1.16,1.28,11.81,1,0,0.15,0.44,Q20,,"Tilapia, average of various cooking methods",Nigeria,0,0
Canned tuna,Animal-source foods,Fish and seafood,173708,198,0,0,2.95,2.89,5.83,1.53,23,0,6.7,0.87,0.04,0.12,12.4,0.11,5,2.2,29.3,1.39,0.9,13,207,31,416,0.1,0.03,0,0,0.86,1.34,2.37,2.68,0.86,0.31,1.14,0.33,0.98,1.28,1.5,13.64,1,0,0.15,0.44,Q20,Used ALA value for sardines,"Fish, tuna, light, canned in oil, drained solids",Nigeria,0,0
Sour milk,Animal-source foods,Milk,10_022 (from WA FCT),62,4,0,1.09,0.12,1.21,2.2,39,1,0.1,0.17,0.04,0.2,0.7,0.02,1,0.19,14.3,0.1,0.28,117,126,11,43,0,0,0,0.02,0.1,0.16,0.3,0.26,0.08,0.02,0.16,0.04,0.16,0.13,0.21,1.63,1.16,0,0.15,0.44,Q25,"Used choline, DHA, EPA, DPA, and eaa from whole cow milk","Milk, cow, whole, fermented",Nigeria,1,0
Whole cow milk,Animal-source foods,Milk,172217,61,4.78,0,0.81,0.2,1.01,1.87,46,0,0.1,0.07,0.05,0.17,0.09,0.04,5,0.45,14.3,0.03,0.37,113,132,10,43,0,0,0,0.08,0.1,0.16,0.3,0.26,0.08,0.02,0.16,0.04,0.16,0.13,0.21,1.63,1.16,0,0.15,0.44,Q25,,"Milk (cow), whole, 3.25% milkfat, without added vitamin A and vitamin D",Nigeria,1,0
Whole evaporated milk,Animal-source foods,Milk,10_016 (from WA FCT),157,12.6,0,2.21,0.16,2.37,5.72,80,1,0,0.21,0.12,0.35,2.3,0.04,6,0.15,36.8,0.2,0.96,258,253,60,106,0,0,0,0.03,0.24,0.42,0.77,0.68,0.21,0.05,0.42,0.1,0.41,0.34,0.53,4.18,1.16,0,0.15,0.44,Q25," Used choline, DHA, EPA, DPA, and eaa from whole cow milk adjusted for energy density","Milk, cow, canned, evaporated",Nigeria,1,0
Skimmed milk powder,Animal-source foods,Milk,170877,362,51.98,0,0.201,0.03,0.23,0.499,6,6.8,0,0,0.415,1.55,0.951,0.361,50,4.03,169.2,0.32,4.08,1257,1794,110,535,0,0,0,0.03,0.98,2.19,3.54,2.87,0.91,0.33,1.75,0.51,1.75,1.63,2.42,18.87,1.16,0,0.15,0.44,Q25,Used ALA value from whole milk powder adjusted for lipid content of skimmed milk powder,"Milk, dry, nonfat, regular, without added vitamin A and vitamin D",Nigeria,1,1
Whole milk powder,Animal-source foods,Milk,173454,496,38.42,0,7.92,0.67,8.59,16.74,258,8.6,0.5,0.58,0.28,1.21,0.65,0.3,37,3.25,117.4,0.47,3.34,912,1330,85,371,0,0,0,0.65,0.71,1.59,2.58,2.09,0.66,0.24,1.27,0.37,1.27,1.19,1.76,13.74,1.16,0,0.15,0.44,Q25,,"Milk (cow), dry, whole, without added vitamin A and vitamin D",Nigeria,1,1
Fortified margarine,Oils and fats,N/A,11_029 (from WA FCT),728,0.8,0,36.4,15.1,51.5,25.3,937,0,74,11,0.01,0.02,0.1,0,0,0,0.1,0,0,7,26,3,941,0,0,0,0.82,0,0,0,0,0,0,0,0,0,0,0,0,,0,0.1,0.44,N/A,"Used average of phytate values for peanut and palm kernel oils; used choline, DHA, EPA, DPA, and eaa values from peanut oil","Margarine, fortified with vitamin A and D (Nigeria)",Nigeria,0,0
Red palm oil,Oils and fats,N/A,11_004 (from WA FCT),898,0,0,37,9.84,46.84,48.5,5720,0,0,15,0.01,0.02,0,0,0,0,0.1,0.2,0,2,0,0,0,0,0,0,0.28,0,0,0,0,0,0,0,0,0,0,0,0,,0,0.1,0.44,N/A,"Used phytate value for palm kernel oil; used choline, DHA, EPA, DPA, and eaa values from peanut oil","Palm oil, red",Nigeria,1,0
Peanut oil,Oils and fats,N/A,171410,884,0,0,46.2,32,78.2,16.9,0,0,0,15.69,0,0,0,0,0,0,0.1,0.03,0.01,0,0,0,0,0,0,0,0.49,0,0,0,0,0,0,0,0,0,0,0,0,,0,0.1,0.44,N/A,,"Oil, peanut, salad or cooking",Nigeria,1,0
Unfortified vegetable oil,Oils and fats,N/A,11_010 (from WA FCT),900,0,0,31.7,49.6,81.3,14.3,0,0,0,22,0,0,0,0,0,0,0.1,0,0,0,0,0,0,0,0,0,0.42,0,0,0,0,0,0,0,0,0,0,0,0,,0,0.1,0.44,N/A,"Used average of phytate values for peanut and palm kernel oils; used choline, DHA, EPA, DPA, and eaa values from peanut oil","Vegetable oil, unfortified",Nigeria,1,0
Fortified vegetable oil,Oils and fats,N/A,11_031 (from WA FCT),900,0,0,31.7,49.6,81.3,14.3,800,0,0,22,0,0,0,0,0,0,0.1,0,0,0,0,0,0,0,0,0,0.42,0,0,0,0,0,0,0,0,0,0,0,0,,0,0.1,0.44,N/A,"Used average of phytate values for peanut and palm kernel oils; used choline, DHA, EPA, DPA, and eaa values from peanut oil","Vegetable oil, fortified with vitamin A, 600–1000 mcg/100g (Ghana, Nigeria, Sierra Leone)",Nigeria,1,0
